Chamber 0:
1 0 0 0 0
1 1 0 0 0
1 1 1 0 0
1 1 1 1 -1
1 1 1 1 1

Chamber 1:
0 -1 0 0 0
-1 -1 0 0 0
-1 -1 1 0 0
-1 -1 1 1 -1
-1 -1 1 1 1

Chamber 2:
0 1 0 0 0
1 1 0 0 0
1 1 1 0 0
1 1 1 1 -1
1 1 1 1 1

Chamber 3:
0 0 -1 0 0
0 1 -1 0 0
-1 1 -1 0 0
-1 1 -1 1 -1
-1 1 -1 1 1

Chamber 4:
0 0 1 0 0
0 1 1 0 0
1 1 1 0 0
1 1 1 1 -1
1 1 1 1 1

Chamber 5:
0 0 0 -1 0
0 1 0 -1 0
0 1 1 -1 0
-1 1 1 -1 -1
-1 1 1 -1 1

Chamber 6:
0 0 0 1 0
0 1 0 1 0
0 1 1 1 0
1 1 1 1 -1
1 1 1 1 1

Chamber 7:
0 0 0 0 -1
0 1 0 0 -1
0 1 1 0 -1
1 1 1 1 -1
-1 1 1 1 -1

Chamber 8:
0 0 0 0 1
0 1 0 0 1
0 1 1 0 1
-1 1 1 1 1
1 1 1 1 1

Chamber 9:
1 0 0 0 0
1 0 -1 0 0
1 -1 -1 0 0
1 -1 -1 1 -1
1 -1 -1 1 1

Chamber 10:
1 0 0 0 0
1 0 1 0 0
1 1 1 0 0
1 1 1 1 -1
1 1 1 1 1

Chamber 11:
1 0 0 0 0
1 0 0 -1 0
1 0 1 -1 0
1 -1 1 -1 -1
1 -1 1 -1 1

Chamber 12:
1 0 0 0 0
1 0 0 1 0
1 0 1 1 0
1 1 1 1 -1
1 1 1 1 1

Chamber 13:
1 0 0 0 0
1 0 0 0 -1
1 0 1 0 -1
1 1 1 1 -1
1 -1 1 1 -1

Chamber 14:
1 0 0 0 0
1 0 0 0 1
1 0 1 0 1
1 -1 1 1 1
1 1 1 1 1

Chamber 15:
1 0 0 0 0
1 1 0 0 0
1 1 0 -1 0
1 1 -1 -1 -1
1 1 -1 -1 1

Chamber 16:
1 0 0 0 0
1 1 0 0 0
1 1 0 1 0
1 1 1 1 -1
1 1 1 1 1

Chamber 17:
1 0 0 0 0
1 1 0 0 0
1 1 0 0 -1
1 1 1 1 -1
1 1 -1 1 -1

Chamber 18:
1 0 0 0 0
1 1 0 0 0
1 1 0 0 1
1 1 -1 1 1
1 1 1 1 1

Chamber 19:
1 0 0 0 0
1 1 0 0 0
1 1 1 0 0
1 1 1 1 -1
1 1 1 -1 -1

Chamber 20:
1 0 0 0 0
1 1 0 0 0
1 1 1 0 0
1 1 1 -1 1
1 1 1 1 1

Chamber 21:
-1 0 0 0 0
-1 -1 0 0 0
-1 -1 1 0 0
-1 -1 1 1 -1
-1 -1 1 1 1

Chamber 22:
0 -1 0 0 0
0 -1 1 0 0
-1 -1 1 0 0
-1 -1 1 1 -1
-1 -1 1 1 1

Chamber 23:
0 -1 0 0 0
0 -1 -1 0 0
1 -1 -1 0 0
1 -1 -1 1 -1
1 -1 -1 1 1

Chamber 24:
0 -1 0 0 0
0 -1 0 1 0
0 -1 1 1 0
-1 -1 1 1 -1
-1 -1 1 1 1

Chamber 25:
0 -1 0 0 0
0 -1 0 -1 0
0 -1 1 -1 0
1 -1 1 -1 -1
1 -1 1 -1 1

Chamber 26:
0 -1 0 0 0
0 -1 0 0 1
0 -1 1 0 1
1 -1 1 1 1
-1 -1 1 1 1

Chamber 27:
0 -1 0 0 0
0 -1 0 0 -1
0 -1 1 0 -1
-1 -1 1 1 -1
1 -1 1 1 -1

Chamber 28:
0 0 1 0 0
-1 0 1 0 0
-1 -1 1 0 0
-1 -1 1 1 -1
-1 -1 1 1 1

Chamber 29:
0 0 -1 0 0
-1 0 -1 0 0
-1 1 -1 0 0
-1 1 -1 1 -1
-1 1 -1 1 1

Chamber 30:
0 0 0 1 0
-1 0 0 1 0
-1 0 1 1 0
-1 -1 1 1 -1
-1 -1 1 1 1

Chamber 31:
0 0 0 -1 0
-1 0 0 -1 0
-1 0 1 -1 0
-1 1 1 -1 -1
-1 1 1 -1 1

Chamber 32:
0 0 0 0 1
-1 0 0 0 1
-1 0 1 0 1
-1 1 1 1 1
-1 -1 1 1 1

Chamber 33:
0 0 0 0 -1
-1 0 0 0 -1
-1 0 1 0 -1
-1 -1 1 1 -1
-1 1 1 1 -1

Chamber 34:
0 -1 0 0 0
-1 -1 0 0 0
-1 -1 0 -1 0
-1 -1 -1 -1 -1
-1 -1 -1 -1 1

Chamber 35:
0 -1 0 0 0
-1 -1 0 0 0
-1 -1 0 1 0
-1 -1 1 1 -1
-1 -1 1 1 1

Chamber 36:
0 -1 0 0 0
-1 -1 0 0 0
-1 -1 0 0 -1
-1 -1 1 1 -1
-1 -1 -1 1 -1

Chamber 37:
0 -1 0 0 0
-1 -1 0 0 0
-1 -1 0 0 1
-1 -1 -1 1 1
-1 -1 1 1 1

Chamber 38:
0 -1 0 0 0
-1 -1 0 0 0
-1 -1 1 0 0
-1 -1 1 1 -1
-1 -1 1 -1 -1

Chamber 39:
0 -1 0 0 0
-1 -1 0 0 0
-1 -1 1 0 0
-1 -1 1 -1 1
-1 -1 1 1 1

Chamber 40:
0 1 0 0 0
0 1 -1 0 0
-1 1 -1 0 0
-1 1 -1 1 -1
-1 1 -1 1 1

Chamber 41:
0 1 0 0 0
0 1 1 0 0
1 1 1 0 0
1 1 1 1 -1
1 1 1 1 1

Chamber 42:
0 1 0 0 0
0 1 0 -1 0
0 1 1 -1 0
-1 1 1 -1 -1
-1 1 1 -1 1

Chamber 43:
0 1 0 0 0
0 1 0 1 0
0 1 1 1 0
1 1 1 1 -1
1 1 1 1 1

Chamber 44:
0 1 0 0 0
0 1 0 0 -1
0 1 1 0 -1
1 1 1 1 -1
-1 1 1 1 -1

Chamber 45:
0 1 0 0 0
0 1 0 0 1
0 1 1 0 1
-1 1 1 1 1
1 1 1 1 1

Chamber 46:
0 0 -1 0 0
1 0 -1 0 0
1 -1 -1 0 0
1 -1 -1 1 -1
1 -1 -1 1 1

Chamber 47:
0 0 1 0 0
1 0 1 0 0
1 1 1 0 0
1 1 1 1 -1
1 1 1 1 1

Chamber 48:
0 0 0 -1 0
1 0 0 -1 0
1 0 1 -1 0
1 -1 1 -1 -1
1 -1 1 -1 1

Chamber 49:
0 0 0 1 0
1 0 0 1 0
1 0 1 1 0
1 1 1 1 -1
1 1 1 1 1

Chamber 50:
0 0 0 0 -1
1 0 0 0 -1
1 0 1 0 -1
1 1 1 1 -1
1 -1 1 1 -1

Chamber 51:
0 0 0 0 1
1 0 0 0 1
1 0 1 0 1
1 -1 1 1 1
1 1 1 1 1

Chamber 52:
0 1 0 0 0
1 1 0 0 0
1 1 0 -1 0
1 1 -1 -1 -1
1 1 -1 -1 1

Chamber 53:
0 1 0 0 0
1 1 0 0 0
1 1 0 1 0
1 1 1 1 -1
1 1 1 1 1

Chamber 54:
0 1 0 0 0
1 1 0 0 0
1 1 0 0 -1
1 1 1 1 -1
1 1 -1 1 -1

Chamber 55:
0 1 0 0 0
1 1 0 0 0
1 1 0 0 1
1 1 -1 1 1
1 1 1 1 1

Chamber 56:
0 1 0 0 0
1 1 0 0 0
1 1 1 0 0
1 1 1 1 -1
1 1 1 -1 -1

Chamber 57:
0 1 0 0 0
1 1 0 0 0
1 1 1 0 0
1 1 1 -1 1
1 1 1 1 1

Chamber 58:
-1 0 0 0 0
-1 1 0 0 0
-1 1 -1 0 0
-1 1 -1 1 -1
-1 1 -1 1 1

Chamber 59:
0 0 -1 0 0
0 1 -1 0 0
0 1 -1 1 0
-1 1 -1 1 -1
-1 1 -1 1 1

Chamber 60:
0 0 -1 0 0
0 1 -1 0 0
0 1 -1 -1 0
1 1 -1 -1 -1
1 1 -1 -1 1

Chamber 61:
0 0 -1 0 0
0 1 -1 0 0
0 1 -1 0 1
1 1 -1 1 1
-1 1 -1 1 1

Chamber 62:
0 0 -1 0 0
0 1 -1 0 0
0 1 -1 0 -1
-1 1 -1 1 -1
1 1 -1 1 -1

Chamber 63:
0 0 -1 0 0
0 0 -1 -1 0
-1 0 -1 -1 0
-1 -1 -1 -1 -1
-1 -1 -1 -1 1

Chamber 64:
0 0 -1 0 0
0 0 -1 1 0
-1 0 -1 1 0
-1 1 -1 1 -1
-1 1 -1 1 1

Chamber 65:
0 0 -1 0 0
0 0 -1 0 -1
-1 0 -1 0 -1
-1 1 -1 1 -1
-1 -1 -1 1 -1

Chamber 66:
0 0 -1 0 0
0 0 -1 0 1
-1 0 -1 0 1
-1 -1 -1 1 1
-1 1 -1 1 1

Chamber 67:
0 0 0 1 0
0 1 0 1 0
-1 1 0 1 0
-1 1 -1 1 -1
-1 1 -1 1 1

Chamber 68:
0 0 0 -1 0
0 1 0 -1 0
-1 1 0 -1 0
-1 1 1 -1 -1
-1 1 1 -1 1

Chamber 69:
0 0 0 0 1
0 1 0 0 1
-1 1 0 0 1
-1 1 1 1 1
-1 1 -1 1 1

Chamber 70:
0 0 0 0 -1
0 1 0 0 -1
-1 1 0 0 -1
-1 1 -1 1 -1
-1 1 1 1 -1

Chamber 71:
0 0 -1 0 0
0 1 -1 0 0
-1 1 -1 0 0
-1 1 -1 1 -1
-1 1 -1 -1 -1

Chamber 72:
0 0 -1 0 0
0 1 -1 0 0
-1 1 -1 0 0
-1 1 -1 -1 1
-1 1 -1 1 1

Chamber 73:
0 0 1 0 0
0 1 1 0 0
0 1 1 -1 0
-1 1 1 -1 -1
-1 1 1 -1 1

Chamber 74:
0 0 1 0 0
0 1 1 0 0
0 1 1 1 0
1 1 1 1 -1
1 1 1 1 1

Chamber 75:
0 0 1 0 0
0 1 1 0 0
0 1 1 0 -1
1 1 1 1 -1
-1 1 1 1 -1

Chamber 76:
0 0 1 0 0
0 1 1 0 0
0 1 1 0 1
-1 1 1 1 1
1 1 1 1 1

Chamber 77:
0 0 1 0 0
0 0 1 -1 0
1 0 1 -1 0
1 -1 1 -1 -1
1 -1 1 -1 1

Chamber 78:
0 0 1 0 0
0 0 1 1 0
1 0 1 1 0
1 1 1 1 -1
1 1 1 1 1

Chamber 79:
0 0 1 0 0
0 0 1 0 -1
1 0 1 0 -1
1 1 1 1 -1
1 -1 1 1 -1

Chamber 80:
0 0 1 0 0
0 0 1 0 1
1 0 1 0 1
1 -1 1 1 1
1 1 1 1 1

Chamber 81:
0 0 0 -1 0
0 1 0 -1 0
1 1 0 -1 0
1 1 -1 -1 -1
1 1 -1 -1 1

Chamber 82:
0 0 0 1 0
0 1 0 1 0
1 1 0 1 0
1 1 1 1 -1
1 1 1 1 1

Chamber 83:
0 0 0 0 -1
0 1 0 0 -1
1 1 0 0 -1
1 1 1 1 -1
1 1 -1 1 -1

Chamber 84:
0 0 0 0 1
0 1 0 0 1
1 1 0 0 1
1 1 -1 1 1
1 1 1 1 1

Chamber 85:
0 0 1 0 0
0 1 1 0 0
1 1 1 0 0
1 1 1 1 -1
1 1 1 -1 -1

Chamber 86:
0 0 1 0 0
0 1 1 0 0
1 1 1 0 0
1 1 1 -1 1
1 1 1 1 1

Chamber 87:
-1 0 0 0 0
-1 1 0 0 0
-1 1 1 0 0
-1 1 1 -1 -1
-1 1 1 -1 1

Chamber 88:
0 0 0 -1 0
0 1 0 -1 0
0 1 1 -1 0
1 1 1 -1 1
-1 1 1 -1 1

Chamber 89:
0 0 0 -1 0
0 1 0 -1 0
0 1 1 -1 0
-1 1 1 -1 -1
1 1 1 -1 -1

Chamber 90:
0 0 0 -1 0
0 0 -1 -1 0
0 -1 -1 -1 0
-1 -1 -1 -1 -1
-1 -1 -1 -1 1

Chamber 91:
0 0 0 -1 0
0 0 1 -1 0
0 1 1 -1 0
-1 1 1 -1 -1
-1 1 1 -1 1

Chamber 92:
0 0 0 -1 0
0 0 0 -1 -1
0 0 1 -1 -1
-1 1 1 -1 -1
-1 -1 1 -1 -1

Chamber 93:
0 0 0 -1 0
0 0 0 -1 1
0 0 1 -1 1
-1 -1 1 -1 1
-1 1 1 -1 1

Chamber 94:
0 0 0 -1 0
0 1 0 -1 0
0 1 0 -1 -1
-1 1 1 -1 -1
-1 1 -1 -1 -1

Chamber 95:
0 0 0 -1 0
0 1 0 -1 0
0 1 0 -1 1
-1 1 -1 -1 1
-1 1 1 -1 1

Chamber 96:
0 0 0 0 1
0 1 0 0 1
0 1 1 0 1
-1 1 1 1 1
-1 1 1 -1 1

Chamber 97:
0 0 0 0 -1
0 1 0 0 -1
0 1 1 0 -1
-1 1 1 -1 -1
-1 1 1 1 -1

Chamber 98:
0 0 0 1 0
0 1 0 1 0
0 1 1 1 0
1 1 1 1 -1
-1 1 1 1 -1

Chamber 99:
0 0 0 1 0
0 1 0 1 0
0 1 1 1 0
-1 1 1 1 1
1 1 1 1 1

Chamber 100:
0 0 0 1 0
0 0 -1 1 0
0 -1 -1 1 0
1 -1 -1 1 -1
1 -1 -1 1 1

Chamber 101:
0 0 0 1 0
0 0 1 1 0
0 1 1 1 0
1 1 1 1 -1
1 1 1 1 1

Chamber 102:
0 0 0 1 0
0 0 0 1 -1
0 0 1 1 -1
1 1 1 1 -1
1 -1 1 1 -1

Chamber 103:
0 0 0 1 0
0 0 0 1 1
0 0 1 1 1
1 -1 1 1 1
1 1 1 1 1

Chamber 104:
0 0 0 1 0
0 1 0 1 0
0 1 0 1 -1
1 1 1 1 -1
1 1 -1 1 -1

Chamber 105:
0 0 0 1 0
0 1 0 1 0
0 1 0 1 1
1 1 -1 1 1
1 1 1 1 1

Chamber 106:
0 0 0 0 -1
0 1 0 0 -1
0 1 1 0 -1
1 1 1 1 -1
1 1 1 -1 -1

Chamber 107:
0 0 0 0 1
0 1 0 0 1
0 1 1 0 1
1 1 1 -1 1
1 1 1 1 1

Chamber 108:
-1 0 0 0 0
-1 1 0 0 0
-1 1 1 0 0
-1 1 1 1 1
-1 1 1 1 -1

Chamber 109:
0 0 0 0 -1
0 0 -1 0 -1
0 -1 -1 0 -1
1 -1 -1 1 -1
-1 -1 -1 1 -1

Chamber 110:
0 0 0 0 -1
0 0 1 0 -1
0 1 1 0 -1
1 1 1 1 -1
-1 1 1 1 -1

Chamber 111:
0 0 0 0 -1
0 0 0 -1 -1
0 0 1 -1 -1
1 -1 1 -1 -1
-1 -1 1 -1 -1

Chamber 112:
0 0 0 0 -1
0 0 0 1 -1
0 0 1 1 -1
1 1 1 1 -1
-1 1 1 1 -1

Chamber 113:
0 0 0 0 -1
0 1 0 0 -1
0 1 0 -1 -1
1 1 -1 -1 -1
-1 1 -1 -1 -1

Chamber 114:
0 0 0 0 -1
0 1 0 0 -1
0 1 0 1 -1
1 1 1 1 -1
-1 1 1 1 -1

Chamber 115:
0 0 0 0 1
0 0 -1 0 1
0 -1 -1 0 1
-1 -1 -1 1 1
1 -1 -1 1 1

Chamber 116:
0 0 0 0 1
0 0 1 0 1
0 1 1 0 1
-1 1 1 1 1
1 1 1 1 1

Chamber 117:
0 0 0 0 1
0 0 0 -1 1
0 0 1 -1 1
-1 -1 1 -1 1
1 -1 1 -1 1

Chamber 118:
0 0 0 0 1
0 0 0 1 1
0 0 1 1 1
-1 1 1 1 1
1 1 1 1 1

Chamber 119:
0 0 0 0 1
0 1 0 0 1
0 1 0 -1 1
-1 1 -1 -1 1
1 1 -1 -1 1

Chamber 120:
0 0 0 0 1
0 1 0 0 1
0 1 0 1 1
-1 1 1 1 1
1 1 1 1 1

Chamber 121:
1 0 0 0 0
1 -1 0 0 0
1 -1 -1 0 0
1 -1 -1 1 -1
1 -1 -1 1 1

Chamber 122:
1 0 0 0 0
1 0 -1 0 0
1 0 -1 1 0
1 -1 -1 1 -1
1 -1 -1 1 1

Chamber 123:
1 0 0 0 0
1 0 -1 0 0
1 0 -1 -1 0
1 1 -1 -1 -1
1 1 -1 -1 1

Chamber 124:
1 0 0 0 0
1 0 -1 0 0
1 0 -1 0 1
1 1 -1 1 1
1 -1 -1 1 1

Chamber 125:
1 0 0 0 0
1 0 -1 0 0
1 0 -1 0 -1
1 -1 -1 1 -1
1 1 -1 1 -1

Chamber 126:
1 0 0 0 0
1 0 0 1 0
1 -1 0 1 0
1 -1 -1 1 -1
1 -1 -1 1 1

Chamber 127:
1 0 0 0 0
1 0 0 -1 0
1 -1 0 -1 0
1 -1 1 -1 -1
1 -1 1 -1 1

Chamber 128:
1 0 0 0 0
1 0 0 0 1
1 -1 0 0 1
1 -1 1 1 1
1 -1 -1 1 1

Chamber 129:
1 0 0 0 0
1 0 0 0 -1
1 -1 0 0 -1
1 -1 -1 1 -1
1 -1 1 1 -1

Chamber 130:
1 0 0 0 0
1 0 -1 0 0
1 -1 -1 0 0
1 -1 -1 1 -1
1 -1 -1 -1 -1

Chamber 131:
1 0 0 0 0
1 0 -1 0 0
1 -1 -1 0 0
1 -1 -1 -1 1
1 -1 -1 1 1

Chamber 132:
1 0 0 0 0
1 0 1 0 0
1 0 1 -1 0
1 -1 1 -1 -1
1 -1 1 -1 1

Chamber 133:
1 0 0 0 0
1 0 1 0 0
1 0 1 1 0
1 1 1 1 -1
1 1 1 1 1

Chamber 134:
1 0 0 0 0
1 0 1 0 0
1 0 1 0 -1
1 1 1 1 -1
1 -1 1 1 -1

Chamber 135:
1 0 0 0 0
1 0 1 0 0
1 0 1 0 1
1 -1 1 1 1
1 1 1 1 1

Chamber 136:
1 0 0 0 0
1 0 0 -1 0
1 1 0 -1 0
1 1 -1 -1 -1
1 1 -1 -1 1

Chamber 137:
1 0 0 0 0
1 0 0 1 0
1 1 0 1 0
1 1 1 1 -1
1 1 1 1 1

Chamber 138:
1 0 0 0 0
1 0 0 0 -1
1 1 0 0 -1
1 1 1 1 -1
1 1 -1 1 -1

Chamber 139:
1 0 0 0 0
1 0 0 0 1
1 1 0 0 1
1 1 -1 1 1
1 1 1 1 1

Chamber 140:
1 0 0 0 0
1 0 1 0 0
1 1 1 0 0
1 1 1 1 -1
1 1 1 -1 -1

Chamber 141:
1 0 0 0 0
1 0 1 0 0
1 1 1 0 0
1 1 1 -1 1
1 1 1 1 1

Chamber 142:
1 0 0 0 0
1 -1 0 0 0
1 -1 1 0 0
1 -1 1 -1 -1
1 -1 1 -1 1

Chamber 143:
1 0 0 0 0
1 0 0 -1 0
1 0 1 -1 0
1 1 1 -1 1
1 -1 1 -1 1

Chamber 144:
1 0 0 0 0
1 0 0 -1 0
1 0 1 -1 0
1 -1 1 -1 -1
1 1 1 -1 -1

Chamber 145:
1 0 0 0 0
1 0 0 -1 0
1 0 0 -1 -1
1 -1 1 -1 -1
1 -1 -1 -1 -1

Chamber 146:
1 0 0 0 0
1 0 0 -1 0
1 0 0 -1 1
1 -1 -1 -1 1
1 -1 1 -1 1

Chamber 147:
1 0 0 0 0
1 0 0 0 1
1 0 1 0 1
1 -1 1 1 1
1 -1 1 -1 1

Chamber 148:
1 0 0 0 0
1 0 0 0 -1
1 0 1 0 -1
1 -1 1 -1 -1
1 -1 1 1 -1

Chamber 149:
1 0 0 0 0
1 0 0 1 0
1 0 1 1 0
1 1 1 1 -1
1 -1 1 1 -1

Chamber 150:
1 0 0 0 0
1 0 0 1 0
1 0 1 1 0
1 -1 1 1 1
1 1 1 1 1

Chamber 151:
1 0 0 0 0
1 0 0 1 0
1 0 0 1 -1
1 1 1 1 -1
1 1 -1 1 -1

Chamber 152:
1 0 0 0 0
1 0 0 1 0
1 0 0 1 1
1 1 -1 1 1
1 1 1 1 1

Chamber 153:
1 0 0 0 0
1 0 0 0 -1
1 0 1 0 -1
1 1 1 1 -1
1 1 1 -1 -1

Chamber 154:
1 0 0 0 0
1 0 0 0 1
1 0 1 0 1
1 1 1 -1 1
1 1 1 1 1

Chamber 155:
1 0 0 0 0
1 -1 0 0 0
1 -1 1 0 0
1 -1 1 1 1
1 -1 1 1 -1

Chamber 156:
1 0 0 0 0
1 0 0 0 -1
1 0 0 -1 -1
1 1 -1 -1 -1
1 -1 -1 -1 -1

Chamber 157:
1 0 0 0 0
1 0 0 0 -1
1 0 0 1 -1
1 1 1 1 -1
1 -1 1 1 -1

Chamber 158:
1 0 0 0 0
1 0 0 0 1
1 0 0 -1 1
1 -1 -1 -1 1
1 1 -1 -1 1

Chamber 159:
1 0 0 0 0
1 0 0 0 1
1 0 0 1 1
1 -1 1 1 1
1 1 1 1 1

Chamber 160:
1 0 0 0 0
1 1 0 0 0
1 1 -1 0 0
1 1 -1 -1 -1
1 1 -1 -1 1

Chamber 161:
1 0 0 0 0
1 1 0 0 0
1 1 0 -1 0
1 1 1 -1 1
1 1 -1 -1 1

Chamber 162:
1 0 0 0 0
1 1 0 0 0
1 1 0 -1 0
1 1 -1 -1 -1
1 1 1 -1 -1

Chamber 163:
1 0 0 0 0
1 1 0 0 0
1 1 0 0 1
1 1 -1 1 1
1 1 -1 -1 1

Chamber 164:
1 0 0 0 0
1 1 0 0 0
1 1 0 0 -1
1 1 -1 -1 -1
1 1 -1 1 -1

Chamber 165:
1 0 0 0 0
1 1 0 0 0
1 1 0 1 0
1 1 1 1 -1
1 1 -1 1 -1

Chamber 166:
1 0 0 0 0
1 1 0 0 0
1 1 0 1 0
1 1 -1 1 1
1 1 1 1 1

Chamber 167:
1 0 0 0 0
1 1 0 0 0
1 1 0 0 -1
1 1 1 1 -1
1 1 1 -1 -1

Chamber 168:
1 0 0 0 0
1 1 0 0 0
1 1 0 0 1
1 1 1 -1 1
1 1 1 1 1

Chamber 169:
1 0 0 0 0
1 1 0 0 0
1 1 -1 0 0
1 1 -1 1 1
1 1 -1 1 -1

Chamber 170:
1 0 0 0 0
1 1 0 0 0
1 1 1 0 0
1 1 1 -1 1
1 1 1 -1 -1

Chamber 171:
0 0 1 0 0
0 -1 1 0 0
-1 -1 1 0 0
-1 -1 1 1 -1
-1 -1 1 1 1

Chamber 172:
0 0 -1 0 0
0 -1 -1 0 0
1 -1 -1 0 0
1 -1 -1 1 -1
1 -1 -1 1 1

Chamber 173:
0 0 0 1 0
0 -1 0 1 0
0 -1 1 1 0
-1 -1 1 1 -1
-1 -1 1 1 1

Chamber 174:
0 0 0 -1 0
0 -1 0 -1 0
0 -1 1 -1 0
1 -1 1 -1 -1
1 -1 1 -1 1

Chamber 175:
0 0 0 0 1
0 -1 0 0 1
0 -1 1 0 1
1 -1 1 1 1
-1 -1 1 1 1

Chamber 176:
0 0 0 0 -1
0 -1 0 0 -1
0 -1 1 0 -1
-1 -1 1 1 -1
1 -1 1 1 -1

Chamber 177:
-1 0 0 0 0
-1 0 1 0 0
-1 -1 1 0 0
-1 -1 1 1 -1
-1 -1 1 1 1

Chamber 178:
-1 0 0 0 0
-1 0 -1 0 0
-1 1 -1 0 0
-1 1 -1 1 -1
-1 1 -1 1 1

Chamber 179:
-1 0 0 0 0
-1 0 0 1 0
-1 0 1 1 0
-1 -1 1 1 -1
-1 -1 1 1 1

Chamber 180:
-1 0 0 0 0
-1 0 0 -1 0
-1 0 1 -1 0
-1 1 1 -1 -1
-1 1 1 -1 1

Chamber 181:
-1 0 0 0 0
-1 0 0 0 1
-1 0 1 0 1
-1 1 1 1 1
-1 -1 1 1 1

Chamber 182:
-1 0 0 0 0
-1 0 0 0 -1
-1 0 1 0 -1
-1 -1 1 1 -1
-1 1 1 1 -1

Chamber 183:
-1 0 0 0 0
-1 -1 0 0 0
-1 -1 0 -1 0
-1 -1 -1 -1 -1
-1 -1 -1 -1 1

Chamber 184:
-1 0 0 0 0
-1 -1 0 0 0
-1 -1 0 1 0
-1 -1 1 1 -1
-1 -1 1 1 1

Chamber 185:
-1 0 0 0 0
-1 -1 0 0 0
-1 -1 0 0 -1
-1 -1 1 1 -1
-1 -1 -1 1 -1

Chamber 186:
-1 0 0 0 0
-1 -1 0 0 0
-1 -1 0 0 1
-1 -1 -1 1 1
-1 -1 1 1 1

Chamber 187:
-1 0 0 0 0
-1 -1 0 0 0
-1 -1 1 0 0
-1 -1 1 1 -1
-1 -1 1 -1 -1

Chamber 188:
-1 0 0 0 0
-1 -1 0 0 0
-1 -1 1 0 0
-1 -1 1 -1 1
-1 -1 1 1 1

Chamber 189:
0 -1 0 0 0
1 -1 0 0 0
1 -1 -1 0 0
1 -1 -1 1 -1
1 -1 -1 1 1

Chamber 190:
0 -1 0 0 0
0 -1 1 0 0
0 -1 1 1 0
-1 -1 1 1 -1
-1 -1 1 1 1

Chamber 191:
0 -1 0 0 0
0 -1 1 0 0
0 -1 1 -1 0
1 -1 1 -1 -1
1 -1 1 -1 1

Chamber 192:
0 -1 0 0 0
0 -1 1 0 0
0 -1 1 0 1
1 -1 1 1 1
-1 -1 1 1 1

Chamber 193:
0 -1 0 0 0
0 -1 1 0 0
0 -1 1 0 -1
-1 -1 1 1 -1
1 -1 1 1 -1

Chamber 194:
0 0 0 1 0
0 0 1 1 0
-1 0 1 1 0
-1 -1 1 1 -1
-1 -1 1 1 1

Chamber 195:
0 0 0 -1 0
0 0 1 -1 0
-1 0 1 -1 0
-1 1 1 -1 -1
-1 1 1 -1 1

Chamber 196:
0 0 0 0 1
0 0 1 0 1
-1 0 1 0 1
-1 1 1 1 1
-1 -1 1 1 1

Chamber 197:
0 0 0 0 -1
0 0 1 0 -1
-1 0 1 0 -1
-1 -1 1 1 -1
-1 1 1 1 -1

Chamber 198:
0 -1 0 0 0
0 -1 0 -1 0
-1 -1 0 -1 0
-1 -1 -1 -1 -1
-1 -1 -1 -1 1

Chamber 199:
0 -1 0 0 0
0 -1 0 1 0
-1 -1 0 1 0
-1 -1 1 1 -1
-1 -1 1 1 1

Chamber 200:
0 -1 0 0 0
0 -1 0 0 -1
-1 -1 0 0 -1
-1 -1 1 1 -1
-1 -1 -1 1 -1

Chamber 201:
0 -1 0 0 0
0 -1 0 0 1
-1 -1 0 0 1
-1 -1 -1 1 1
-1 -1 1 1 1

Chamber 202:
0 -1 0 0 0
0 -1 1 0 0
-1 -1 1 0 0
-1 -1 1 1 -1
-1 -1 1 -1 -1

Chamber 203:
0 -1 0 0 0
0 -1 1 0 0
-1 -1 1 0 0
-1 -1 1 -1 1
-1 -1 1 1 1

Chamber 204:
0 -1 0 0 0
0 -1 -1 0 0
0 -1 -1 -1 0
-1 -1 -1 -1 -1
-1 -1 -1 -1 1

Chamber 205:
0 -1 0 0 0
0 -1 -1 0 0
0 -1 -1 1 0
1 -1 -1 1 -1
1 -1 -1 1 1

Chamber 206:
0 -1 0 0 0
0 -1 -1 0 0
0 -1 -1 0 -1
1 -1 -1 1 -1
-1 -1 -1 1 -1

Chamber 207:
0 -1 0 0 0
0 -1 -1 0 0
0 -1 -1 0 1
-1 -1 -1 1 1
1 -1 -1 1 1

Chamber 208:
0 0 0 1 0
0 0 -1 1 0
1 0 -1 1 0
1 -1 -1 1 -1
1 -1 -1 1 1

Chamber 209:
0 0 0 -1 0
0 0 -1 -1 0
1 0 -1 -1 0
1 1 -1 -1 -1
1 1 -1 -1 1

Chamber 210:
0 0 0 0 1
0 0 -1 0 1
1 0 -1 0 1
1 1 -1 1 1
1 -1 -1 1 1

Chamber 211:
0 0 0 0 -1
0 0 -1 0 -1
1 0 -1 0 -1
1 -1 -1 1 -1
1 1 -1 1 -1

Chamber 212:
0 -1 0 0 0
0 -1 0 1 0
1 -1 0 1 0
1 -1 -1 1 -1
1 -1 -1 1 1

Chamber 213:
0 -1 0 0 0
0 -1 0 -1 0
1 -1 0 -1 0
1 -1 1 -1 -1
1 -1 1 -1 1

Chamber 214:
0 -1 0 0 0
0 -1 0 0 1
1 -1 0 0 1
1 -1 1 1 1
1 -1 -1 1 1

Chamber 215:
0 -1 0 0 0
0 -1 0 0 -1
1 -1 0 0 -1
1 -1 -1 1 -1
1 -1 1 1 -1

Chamber 216:
0 -1 0 0 0
0 -1 -1 0 0
1 -1 -1 0 0
1 -1 -1 1 -1
1 -1 -1 -1 -1

Chamber 217:
0 -1 0 0 0
0 -1 -1 0 0
1 -1 -1 0 0
1 -1 -1 -1 1
1 -1 -1 1 1

Chamber 218:
0 -1 0 0 0
1 -1 0 0 0
1 -1 1 0 0
1 -1 1 -1 -1
1 -1 1 -1 1

Chamber 219:
0 -1 0 0 0
0 -1 0 1 0
0 -1 1 1 0
1 -1 1 1 1
-1 -1 1 1 1

Chamber 220:
0 -1 0 0 0
0 -1 0 1 0
0 -1 1 1 0
-1 -1 1 1 -1
1 -1 1 1 -1

Chamber 221:
0 0 1 0 0
0 0 1 1 0
0 -1 1 1 0
-1 -1 1 1 -1
-1 -1 1 1 1

Chamber 222:
0 0 -1 0 0
0 0 -1 1 0
0 1 -1 1 0
-1 1 -1 1 -1
-1 1 -1 1 1

Chamber 223:
0 0 0 0 1
0 0 0 1 1
0 0 1 1 1
-1 1 1 1 1
-1 -1 1 1 1

Chamber 224:
0 0 0 0 -1
0 0 0 1 -1
0 0 1 1 -1
-1 -1 1 1 -1
-1 1 1 1 -1

Chamber 225:
0 -1 0 0 0
0 -1 0 1 0
0 -1 0 1 -1
-1 -1 1 1 -1
-1 -1 -1 1 -1

Chamber 226:
0 -1 0 0 0
0 -1 0 1 0
0 -1 0 1 1
-1 -1 -1 1 1
-1 -1 1 1 1

Chamber 227:
0 -1 0 0 0
0 -1 0 0 -1
0 -1 1 0 -1
-1 -1 1 1 -1
-1 -1 1 -1 -1

Chamber 228:
0 -1 0 0 0
0 -1 0 0 1
0 -1 1 0 1
-1 -1 1 -1 1
-1 -1 1 1 1

Chamber 229:
0 -1 0 0 0
0 -1 0 -1 0
0 -1 1 -1 0
1 -1 1 -1 -1
-1 -1 1 -1 -1

Chamber 230:
0 -1 0 0 0
0 -1 0 -1 0
0 -1 1 -1 0
-1 -1 1 -1 1
1 -1 1 -1 1

Chamber 231:
0 0 1 0 0
0 0 1 -1 0
0 -1 1 -1 0
1 -1 1 -1 -1
1 -1 1 -1 1

Chamber 232:
0 0 -1 0 0
0 0 -1 -1 0
0 1 -1 -1 0
1 1 -1 -1 -1
1 1 -1 -1 1

Chamber 233:
0 0 0 0 1
0 0 0 -1 1
0 0 1 -1 1
1 1 1 -1 1
1 -1 1 -1 1

Chamber 234:
0 0 0 0 -1
0 0 0 -1 -1
0 0 1 -1 -1
1 -1 1 -1 -1
1 1 1 -1 -1

Chamber 235:
0 -1 0 0 0
0 -1 0 -1 0
0 -1 0 -1 -1
1 -1 1 -1 -1
1 -1 -1 -1 -1

Chamber 236:
0 -1 0 0 0
0 -1 0 -1 0
0 -1 0 -1 1
1 -1 -1 -1 1
1 -1 1 -1 1

Chamber 237:
0 -1 0 0 0
0 -1 0 0 1
0 -1 1 0 1
1 -1 1 1 1
1 -1 1 -1 1

Chamber 238:
0 -1 0 0 0
0 -1 0 0 -1
0 -1 1 0 -1
1 -1 1 -1 -1
1 -1 1 1 -1

Chamber 239:
0 -1 0 0 0
1 -1 0 0 0
1 -1 1 0 0
1 -1 1 1 1
1 -1 1 1 -1

Chamber 240:
0 0 1 0 0
0 0 1 0 1
0 -1 1 0 1
1 -1 1 1 1
-1 -1 1 1 1

Chamber 241:
0 0 -1 0 0
0 0 -1 0 1
0 1 -1 0 1
1 1 -1 1 1
-1 1 -1 1 1

Chamber 242:
0 0 0 1 0
0 0 0 1 1
0 0 1 1 1
1 -1 1 1 1
-1 -1 1 1 1

Chamber 243:
0 0 0 -1 0
0 0 0 -1 1
0 0 1 -1 1
1 1 1 -1 1
-1 1 1 -1 1

Chamber 244:
0 -1 0 0 0
0 -1 0 0 1
0 -1 0 -1 1
1 -1 -1 -1 1
-1 -1 -1 -1 1

Chamber 245:
0 -1 0 0 0
0 -1 0 0 1
0 -1 0 1 1
1 -1 1 1 1
-1 -1 1 1 1

Chamber 246:
0 0 1 0 0
0 0 1 0 -1
0 -1 1 0 -1
-1 -1 1 1 -1
1 -1 1 1 -1

Chamber 247:
0 0 -1 0 0
0 0 -1 0 -1
0 1 -1 0 -1
-1 1 -1 1 -1
1 1 -1 1 -1

Chamber 248:
0 0 0 1 0
0 0 0 1 -1
0 0 1 1 -1
-1 -1 1 1 -1
1 -1 1 1 -1

Chamber 249:
0 0 0 -1 0
0 0 0 -1 -1
0 0 1 -1 -1
-1 1 1 -1 -1
1 1 1 -1 -1

Chamber 250:
0 -1 0 0 0
0 -1 0 0 -1
0 -1 0 -1 -1
-1 -1 -1 -1 -1
1 -1 -1 -1 -1

Chamber 251:
0 -1 0 0 0
0 -1 0 0 -1
0 -1 0 1 -1
-1 -1 1 1 -1
1 -1 1 1 -1

Chamber 252:
0 1 0 0 0
-1 1 0 0 0
-1 1 -1 0 0
-1 1 -1 1 -1
-1 1 -1 1 1

Chamber 253:
0 0 1 0 0
-1 0 1 0 0
-1 0 1 1 0
-1 -1 1 1 -1
-1 -1 1 1 1

Chamber 254:
0 0 1 0 0
-1 0 1 0 0
-1 0 1 -1 0
-1 1 1 -1 -1
-1 1 1 -1 1

Chamber 255:
0 0 1 0 0
-1 0 1 0 0
-1 0 1 0 1
-1 1 1 1 1
-1 -1 1 1 1

Chamber 256:
0 0 1 0 0
-1 0 1 0 0
-1 0 1 0 -1
-1 -1 1 1 -1
-1 1 1 1 -1

Chamber 257:
0 0 0 -1 0
-1 0 0 -1 0
-1 -1 0 -1 0
-1 -1 -1 -1 -1
-1 -1 -1 -1 1

Chamber 258:
0 0 0 1 0
-1 0 0 1 0
-1 -1 0 1 0
-1 -1 1 1 -1
-1 -1 1 1 1

Chamber 259:
0 0 0 0 -1
-1 0 0 0 -1
-1 -1 0 0 -1
-1 -1 1 1 -1
-1 -1 -1 1 -1

Chamber 260:
0 0 0 0 1
-1 0 0 0 1
-1 -1 0 0 1
-1 -1 -1 1 1
-1 -1 1 1 1

Chamber 261:
0 0 1 0 0
-1 0 1 0 0
-1 -1 1 0 0
-1 -1 1 1 -1
-1 -1 1 -1 -1

Chamber 262:
0 0 1 0 0
-1 0 1 0 0
-1 -1 1 0 0
-1 -1 1 -1 1
-1 -1 1 1 1

Chamber 263:
0 0 -1 0 0
-1 0 -1 0 0
-1 0 -1 -1 0
-1 -1 -1 -1 -1
-1 -1 -1 -1 1

Chamber 264:
0 0 -1 0 0
-1 0 -1 0 0
-1 0 -1 1 0
-1 1 -1 1 -1
-1 1 -1 1 1

Chamber 265:
0 0 -1 0 0
-1 0 -1 0 0
-1 0 -1 0 -1
-1 1 -1 1 -1
-1 -1 -1 1 -1

Chamber 266:
0 0 -1 0 0
-1 0 -1 0 0
-1 0 -1 0 1
-1 -1 -1 1 1
-1 1 -1 1 1

Chamber 267:
0 0 0 1 0
-1 0 0 1 0
-1 1 0 1 0
-1 1 -1 1 -1
-1 1 -1 1 1

Chamber 268:
0 0 0 -1 0
-1 0 0 -1 0
-1 1 0 -1 0
-1 1 1 -1 -1
-1 1 1 -1 1

Chamber 269:
0 0 0 0 1
-1 0 0 0 1
-1 1 0 0 1
-1 1 1 1 1
-1 1 -1 1 1

Chamber 270:
0 0 0 0 -1
-1 0 0 0 -1
-1 1 0 0 -1
-1 1 -1 1 -1
-1 1 1 1 -1

Chamber 271:
0 0 -1 0 0
-1 0 -1 0 0
-1 1 -1 0 0
-1 1 -1 1 -1
-1 1 -1 -1 -1

Chamber 272:
0 0 -1 0 0
-1 0 -1 0 0
-1 1 -1 0 0
-1 1 -1 -1 1
-1 1 -1 1 1

Chamber 273:
0 1 0 0 0
-1 1 0 0 0
-1 1 1 0 0
-1 1 1 -1 -1
-1 1 1 -1 1

Chamber 274:
0 0 0 1 0
-1 0 0 1 0
-1 0 1 1 0
-1 1 1 1 1
-1 -1 1 1 1

Chamber 275:
0 0 0 1 0
-1 0 0 1 0
-1 0 1 1 0
-1 -1 1 1 -1
-1 1 1 1 -1

Chamber 276:
0 0 0 1 0
-1 0 0 1 0
-1 0 0 1 -1
-1 -1 1 1 -1
-1 -1 -1 1 -1

Chamber 277:
0 0 0 1 0
-1 0 0 1 0
-1 0 0 1 1
-1 -1 -1 1 1
-1 -1 1 1 1

Chamber 278:
0 0 0 0 -1
-1 0 0 0 -1
-1 0 1 0 -1
-1 -1 1 1 -1
-1 -1 1 -1 -1

Chamber 279:
0 0 0 0 1
-1 0 0 0 1
-1 0 1 0 1
-1 -1 1 -1 1
-1 -1 1 1 1

Chamber 280:
0 0 0 -1 0
-1 0 0 -1 0
-1 0 1 -1 0
-1 1 1 -1 -1
-1 -1 1 -1 -1

Chamber 281:
0 0 0 -1 0
-1 0 0 -1 0
-1 0 1 -1 0
-1 -1 1 -1 1
-1 1 1 -1 1

Chamber 282:
0 0 0 -1 0
-1 0 0 -1 0
-1 0 0 -1 -1
-1 1 1 -1 -1
-1 1 -1 -1 -1

Chamber 283:
0 0 0 -1 0
-1 0 0 -1 0
-1 0 0 -1 1
-1 1 -1 -1 1
-1 1 1 -1 1

Chamber 284:
0 0 0 0 1
-1 0 0 0 1
-1 0 1 0 1
-1 1 1 1 1
-1 1 1 -1 1

Chamber 285:
0 0 0 0 -1
-1 0 0 0 -1
-1 0 1 0 -1
-1 1 1 -1 -1
-1 1 1 1 -1

Chamber 286:
0 1 0 0 0
-1 1 0 0 0
-1 1 1 0 0
-1 1 1 1 1
-1 1 1 1 -1

Chamber 287:
0 0 0 0 1
-1 0 0 0 1
-1 0 0 -1 1
-1 1 -1 -1 1
-1 -1 -1 -1 1

Chamber 288:
0 0 0 0 1
-1 0 0 0 1
-1 0 0 1 1
-1 1 1 1 1
-1 -1 1 1 1

Chamber 289:
0 0 0 0 -1
-1 0 0 0 -1
-1 0 0 -1 -1
-1 -1 -1 -1 -1
-1 1 -1 -1 -1

Chamber 290:
0 0 0 0 -1
-1 0 0 0 -1
-1 0 0 1 -1
-1 -1 1 1 -1
-1 1 1 1 -1

Chamber 291:
0 -1 0 0 0
-1 -1 0 0 0
-1 -1 -1 0 0
-1 -1 -1 -1 -1
-1 -1 -1 -1 1

Chamber 292:
0 -1 0 0 0
-1 -1 0 0 0
-1 -1 0 -1 0
-1 -1 1 -1 1
-1 -1 -1 -1 1

Chamber 293:
0 -1 0 0 0
-1 -1 0 0 0
-1 -1 0 -1 0
-1 -1 -1 -1 -1
-1 -1 1 -1 -1

Chamber 294:
0 -1 0 0 0
-1 -1 0 0 0
-1 -1 0 0 1
-1 -1 -1 1 1
-1 -1 -1 -1 1

Chamber 295:
0 -1 0 0 0
-1 -1 0 0 0
-1 -1 0 0 -1
-1 -1 -1 -1 -1
-1 -1 -1 1 -1

Chamber 296:
0 -1 0 0 0
-1 -1 0 0 0
-1 -1 0 1 0
-1 -1 1 1 -1
-1 -1 -1 1 -1

Chamber 297:
0 -1 0 0 0
-1 -1 0 0 0
-1 -1 0 1 0
-1 -1 -1 1 1
-1 -1 1 1 1

Chamber 298:
0 -1 0 0 0
-1 -1 0 0 0
-1 -1 0 0 -1
-1 -1 1 1 -1
-1 -1 1 -1 -1

Chamber 299:
0 -1 0 0 0
-1 -1 0 0 0
-1 -1 0 0 1
-1 -1 1 -1 1
-1 -1 1 1 1

Chamber 300:
0 -1 0 0 0
-1 -1 0 0 0
-1 -1 -1 0 0
-1 -1 -1 1 1
-1 -1 -1 1 -1

Chamber 301:
0 -1 0 0 0
-1 -1 0 0 0
-1 -1 1 0 0
-1 -1 1 -1 1
-1 -1 1 -1 -1

Chamber 302:
0 1 0 0 0
0 1 -1 0 0
0 1 -1 1 0
-1 1 -1 1 -1
-1 1 -1 1 1

Chamber 303:
0 1 0 0 0
0 1 -1 0 0
0 1 -1 -1 0
1 1 -1 -1 -1
1 1 -1 -1 1

Chamber 304:
0 1 0 0 0
0 1 -1 0 0
0 1 -1 0 1
1 1 -1 1 1
-1 1 -1 1 1

Chamber 305:
0 1 0 0 0
0 1 -1 0 0
0 1 -1 0 -1
-1 1 -1 1 -1
1 1 -1 1 -1

Chamber 306:
0 0 0 -1 0
0 0 -1 -1 0
-1 0 -1 -1 0
-1 -1 -1 -1 -1
-1 -1 -1 -1 1

Chamber 307:
0 0 0 1 0
0 0 -1 1 0
-1 0 -1 1 0
-1 1 -1 1 -1
-1 1 -1 1 1

Chamber 308:
0 0 0 0 -1
0 0 -1 0 -1
-1 0 -1 0 -1
-1 1 -1 1 -1
-1 -1 -1 1 -1

Chamber 309:
0 0 0 0 1
0 0 -1 0 1
-1 0 -1 0 1
-1 -1 -1 1 1
-1 1 -1 1 1

Chamber 310:
0 1 0 0 0
0 1 0 1 0
-1 1 0 1 0
-1 1 -1 1 -1
-1 1 -1 1 1

Chamber 311:
0 1 0 0 0
0 1 0 -1 0
-1 1 0 -1 0
-1 1 1 -1 -1
-1 1 1 -1 1

Chamber 312:
0 1 0 0 0
0 1 0 0 1
-1 1 0 0 1
-1 1 1 1 1
-1 1 -1 1 1

Chamber 313:
0 1 0 0 0
0 1 0 0 -1
-1 1 0 0 -1
-1 1 -1 1 -1
-1 1 1 1 -1

Chamber 314:
0 1 0 0 0
0 1 -1 0 0
-1 1 -1 0 0
-1 1 -1 1 -1
-1 1 -1 -1 -1

Chamber 315:
0 1 0 0 0
0 1 -1 0 0
-1 1 -1 0 0
-1 1 -1 -1 1
-1 1 -1 1 1

Chamber 316:
0 1 0 0 0
0 1 1 0 0
0 1 1 -1 0
-1 1 1 -1 -1
-1 1 1 -1 1

Chamber 317:
0 1 0 0 0
0 1 1 0 0
0 1 1 1 0
1 1 1 1 -1
1 1 1 1 1

Chamber 318:
0 1 0 0 0
0 1 1 0 0
0 1 1 0 -1
1 1 1 1 -1
-1 1 1 1 -1

Chamber 319:
0 1 0 0 0
0 1 1 0 0
0 1 1 0 1
-1 1 1 1 1
1 1 1 1 1

Chamber 320:
0 0 0 -1 0
0 0 1 -1 0
1 0 1 -1 0
1 -1 1 -1 -1
1 -1 1 -1 1

Chamber 321:
0 0 0 1 0
0 0 1 1 0
1 0 1 1 0
1 1 1 1 -1
1 1 1 1 1

Chamber 322:
0 0 0 0 -1
0 0 1 0 -1
1 0 1 0 -1
1 1 1 1 -1
1 -1 1 1 -1

Chamber 323:
0 0 0 0 1
0 0 1 0 1
1 0 1 0 1
1 -1 1 1 1
1 1 1 1 1

Chamber 324:
0 1 0 0 0
0 1 0 -1 0
1 1 0 -1 0
1 1 -1 -1 -1
1 1 -1 -1 1

Chamber 325:
0 1 0 0 0
0 1 0 1 0
1 1 0 1 0
1 1 1 1 -1
1 1 1 1 1

Chamber 326:
0 1 0 0 0
0 1 0 0 -1
1 1 0 0 -1
1 1 1 1 -1
1 1 -1 1 -1

Chamber 327:
0 1 0 0 0
0 1 0 0 1
1 1 0 0 1
1 1 -1 1 1
1 1 1 1 1

Chamber 328:
0 1 0 0 0
0 1 1 0 0
1 1 1 0 0
1 1 1 1 -1
1 1 1 -1 -1

Chamber 329:
0 1 0 0 0
0 1 1 0 0
1 1 1 0 0
1 1 1 -1 1
1 1 1 1 1

Chamber 330:
0 1 0 0 0
0 1 0 -1 0
0 1 1 -1 0
1 1 1 -1 1
-1 1 1 -1 1

Chamber 331:
0 1 0 0 0
0 1 0 -1 0
0 1 1 -1 0
-1 1 1 -1 -1
1 1 1 -1 -1

Chamber 332:
0 0 -1 0 0
0 0 -1 -1 0
0 -1 -1 -1 0
-1 -1 -1 -1 -1
-1 -1 -1 -1 1

Chamber 333:
0 0 1 0 0
0 0 1 -1 0
0 1 1 -1 0
-1 1 1 -1 -1
-1 1 1 -1 1

Chamber 334:
0 0 0 0 -1
0 0 0 -1 -1
0 0 1 -1 -1
-1 1 1 -1 -1
-1 -1 1 -1 -1

Chamber 335:
0 0 0 0 1
0 0 0 -1 1
0 0 1 -1 1
-1 -1 1 -1 1
-1 1 1 -1 1

Chamber 336:
0 1 0 0 0
0 1 0 -1 0
0 1 0 -1 -1
-1 1 1 -1 -1
-1 1 -1 -1 -1

Chamber 337:
0 1 0 0 0
0 1 0 -1 0
0 1 0 -1 1
-1 1 -1 -1 1
-1 1 1 -1 1

Chamber 338:
0 1 0 0 0
0 1 0 0 1
0 1 1 0 1
-1 1 1 1 1
-1 1 1 -1 1

Chamber 339:
0 1 0 0 0
0 1 0 0 -1
0 1 1 0 -1
-1 1 1 -1 -1
-1 1 1 1 -1

Chamber 340:
0 1 0 0 0
0 1 0 1 0
0 1 1 1 0
1 1 1 1 -1
-1 1 1 1 -1

Chamber 341:
0 1 0 0 0
0 1 0 1 0
0 1 1 1 0
-1 1 1 1 1
1 1 1 1 1

Chamber 342:
0 0 -1 0 0
0 0 -1 1 0
0 -1 -1 1 0
1 -1 -1 1 -1
1 -1 -1 1 1

Chamber 343:
0 0 1 0 0
0 0 1 1 0
0 1 1 1 0
1 1 1 1 -1
1 1 1 1 1

Chamber 344:
0 0 0 0 -1
0 0 0 1 -1
0 0 1 1 -1
1 1 1 1 -1
1 -1 1 1 -1

Chamber 345:
0 0 0 0 1
0 0 0 1 1
0 0 1 1 1
1 -1 1 1 1
1 1 1 1 1

Chamber 346:
0 1 0 0 0
0 1 0 1 0
0 1 0 1 -1
1 1 1 1 -1
1 1 -1 1 -1

Chamber 347:
0 1 0 0 0
0 1 0 1 0
0 1 0 1 1
1 1 -1 1 1
1 1 1 1 1

Chamber 348:
0 1 0 0 0
0 1 0 0 -1
0 1 1 0 -1
1 1 1 1 -1
1 1 1 -1 -1

Chamber 349:
0 1 0 0 0
0 1 0 0 1
0 1 1 0 1
1 1 1 -1 1
1 1 1 1 1

Chamber 350:
0 0 -1 0 0
0 0 -1 0 -1
0 -1 -1 0 -1
1 -1 -1 1 -1
-1 -1 -1 1 -1

Chamber 351:
0 0 1 0 0
0 0 1 0 -1
0 1 1 0 -1
1 1 1 1 -1
-1 1 1 1 -1

Chamber 352:
0 0 0 -1 0
0 0 0 -1 -1
0 0 1 -1 -1
1 -1 1 -1 -1
-1 -1 1 -1 -1

Chamber 353:
0 0 0 1 0
0 0 0 1 -1
0 0 1 1 -1
1 1 1 1 -1
-1 1 1 1 -1

Chamber 354:
0 1 0 0 0
0 1 0 0 -1
0 1 0 -1 -1
1 1 -1 -1 -1
-1 1 -1 -1 -1

Chamber 355:
0 1 0 0 0
0 1 0 0 -1
0 1 0 1 -1
1 1 1 1 -1
-1 1 1 1 -1

Chamber 356:
0 0 -1 0 0
0 0 -1 0 1
0 -1 -1 0 1
-1 -1 -1 1 1
1 -1 -1 1 1

Chamber 357:
0 0 1 0 0
0 0 1 0 1
0 1 1 0 1
-1 1 1 1 1
1 1 1 1 1

Chamber 358:
0 0 0 -1 0
0 0 0 -1 1
0 0 1 -1 1
-1 -1 1 -1 1
1 -1 1 -1 1

Chamber 359:
0 0 0 1 0
0 0 0 1 1
0 0 1 1 1
-1 1 1 1 1
1 1 1 1 1

Chamber 360:
0 1 0 0 0
0 1 0 0 1
0 1 0 -1 1
-1 1 -1 -1 1
1 1 -1 -1 1

Chamber 361:
0 1 0 0 0
0 1 0 0 1
0 1 0 1 1
-1 1 1 1 1
1 1 1 1 1

Chamber 362:
0 0 -1 0 0
1 0 -1 0 0
1 0 -1 1 0
1 -1 -1 1 -1
1 -1 -1 1 1

Chamber 363:
0 0 -1 0 0
1 0 -1 0 0
1 0 -1 -1 0
1 1 -1 -1 -1
1 1 -1 -1 1

Chamber 364:
0 0 -1 0 0
1 0 -1 0 0
1 0 -1 0 1
1 1 -1 1 1
1 -1 -1 1 1

Chamber 365:
0 0 -1 0 0
1 0 -1 0 0
1 0 -1 0 -1
1 -1 -1 1 -1
1 1 -1 1 -1

Chamber 366:
0 0 0 1 0
1 0 0 1 0
1 -1 0 1 0
1 -1 -1 1 -1
1 -1 -1 1 1

Chamber 367:
0 0 0 -1 0
1 0 0 -1 0
1 -1 0 -1 0
1 -1 1 -1 -1
1 -1 1 -1 1

Chamber 368:
0 0 0 0 1
1 0 0 0 1
1 -1 0 0 1
1 -1 1 1 1
1 -1 -1 1 1

Chamber 369:
0 0 0 0 -1
1 0 0 0 -1
1 -1 0 0 -1
1 -1 -1 1 -1
1 -1 1 1 -1

Chamber 370:
0 0 -1 0 0
1 0 -1 0 0
1 -1 -1 0 0
1 -1 -1 1 -1
1 -1 -1 -1 -1

Chamber 371:
0 0 -1 0 0
1 0 -1 0 0
1 -1 -1 0 0
1 -1 -1 -1 1
1 -1 -1 1 1

Chamber 372:
0 0 1 0 0
1 0 1 0 0
1 0 1 -1 0
1 -1 1 -1 -1
1 -1 1 -1 1

Chamber 373:
0 0 1 0 0
1 0 1 0 0
1 0 1 1 0
1 1 1 1 -1
1 1 1 1 1

Chamber 374:
0 0 1 0 0
1 0 1 0 0
1 0 1 0 -1
1 1 1 1 -1
1 -1 1 1 -1

Chamber 375:
0 0 1 0 0
1 0 1 0 0
1 0 1 0 1
1 -1 1 1 1
1 1 1 1 1

Chamber 376:
0 0 0 -1 0
1 0 0 -1 0
1 1 0 -1 0
1 1 -1 -1 -1
1 1 -1 -1 1

Chamber 377:
0 0 0 1 0
1 0 0 1 0
1 1 0 1 0
1 1 1 1 -1
1 1 1 1 1

Chamber 378:
0 0 0 0 -1
1 0 0 0 -1
1 1 0 0 -1
1 1 1 1 -1
1 1 -1 1 -1

Chamber 379:
0 0 0 0 1
1 0 0 0 1
1 1 0 0 1
1 1 -1 1 1
1 1 1 1 1

Chamber 380:
0 0 1 0 0
1 0 1 0 0
1 1 1 0 0
1 1 1 1 -1
1 1 1 -1 -1

Chamber 381:
0 0 1 0 0
1 0 1 0 0
1 1 1 0 0
1 1 1 -1 1
1 1 1 1 1

Chamber 382:
0 0 0 -1 0
1 0 0 -1 0
1 0 1 -1 0
1 1 1 -1 1
1 -1 1 -1 1

Chamber 383:
0 0 0 -1 0
1 0 0 -1 0
1 0 1 -1 0
1 -1 1 -1 -1
1 1 1 -1 -1

Chamber 384:
0 0 0 -1 0
1 0 0 -1 0
1 0 0 -1 -1
1 -1 1 -1 -1
1 -1 -1 -1 -1

Chamber 385:
0 0 0 -1 0
1 0 0 -1 0
1 0 0 -1 1
1 -1 -1 -1 1
1 -1 1 -1 1

Chamber 386:
0 0 0 0 1
1 0 0 0 1
1 0 1 0 1
1 -1 1 1 1
1 -1 1 -1 1

Chamber 387:
0 0 0 0 -1
1 0 0 0 -1
1 0 1 0 -1
1 -1 1 -1 -1
1 -1 1 1 -1

Chamber 388:
0 0 0 1 0
1 0 0 1 0
1 0 1 1 0
1 1 1 1 -1
1 -1 1 1 -1

Chamber 389:
0 0 0 1 0
1 0 0 1 0
1 0 1 1 0
1 -1 1 1 1
1 1 1 1 1

Chamber 390:
0 0 0 1 0
1 0 0 1 0
1 0 0 1 -1
1 1 1 1 -1
1 1 -1 1 -1

Chamber 391:
0 0 0 1 0
1 0 0 1 0
1 0 0 1 1
1 1 -1 1 1
1 1 1 1 1

Chamber 392:
0 0 0 0 -1
1 0 0 0 -1
1 0 1 0 -1
1 1 1 1 -1
1 1 1 -1 -1

Chamber 393:
0 0 0 0 1
1 0 0 0 1
1 0 1 0 1
1 1 1 -1 1
1 1 1 1 1

Chamber 394:
0 0 0 0 -1
1 0 0 0 -1
1 0 0 -1 -1
1 1 -1 -1 -1
1 -1 -1 -1 -1

Chamber 395:
0 0 0 0 -1
1 0 0 0 -1
1 0 0 1 -1
1 1 1 1 -1
1 -1 1 1 -1

Chamber 396:
0 0 0 0 1
1 0 0 0 1
1 0 0 -1 1
1 -1 -1 -1 1
1 1 -1 -1 1

Chamber 397:
0 0 0 0 1
1 0 0 0 1
1 0 0 1 1
1 -1 1 1 1
1 1 1 1 1

Chamber 398:
0 1 0 0 0
1 1 0 0 0
1 1 -1 0 0
1 1 -1 -1 -1
1 1 -1 -1 1

Chamber 399:
0 1 0 0 0
1 1 0 0 0
1 1 0 -1 0
1 1 1 -1 1
1 1 -1 -1 1

Chamber 400:
0 1 0 0 0
1 1 0 0 0
1 1 0 -1 0
1 1 -1 -1 -1
1 1 1 -1 -1

Chamber 401:
0 1 0 0 0
1 1 0 0 0
1 1 0 0 1
1 1 -1 1 1
1 1 -1 -1 1

Chamber 402:
0 1 0 0 0
1 1 0 0 0
1 1 0 0 -1
1 1 -1 -1 -1
1 1 -1 1 -1

Chamber 403:
0 1 0 0 0
1 1 0 0 0
1 1 0 1 0
1 1 1 1 -1
1 1 -1 1 -1

Chamber 404:
0 1 0 0 0
1 1 0 0 0
1 1 0 1 0
1 1 -1 1 1
1 1 1 1 1

Chamber 405:
0 1 0 0 0
1 1 0 0 0
1 1 0 0 -1
1 1 1 1 -1
1 1 1 -1 -1

Chamber 406:
0 1 0 0 0
1 1 0 0 0
1 1 0 0 1
1 1 1 -1 1
1 1 1 1 1

Chamber 407:
0 1 0 0 0
1 1 0 0 0
1 1 -1 0 0
1 1 -1 1 1
1 1 -1 1 -1

Chamber 408:
0 1 0 0 0
1 1 0 0 0
1 1 1 0 0
1 1 1 -1 1
1 1 1 -1 -1

Chamber 409:
0 0 0 1 0
0 1 0 1 0
0 1 -1 1 0
-1 1 -1 1 -1
-1 1 -1 1 1

Chamber 410:
0 0 0 -1 0
0 1 0 -1 0
0 1 -1 -1 0
1 1 -1 -1 -1
1 1 -1 -1 1

Chamber 411:
0 0 0 0 1
0 1 0 0 1
0 1 -1 0 1
1 1 -1 1 1
-1 1 -1 1 1

Chamber 412:
0 0 0 0 -1
0 1 0 0 -1
0 1 -1 0 -1
-1 1 -1 1 -1
1 1 -1 1 -1

Chamber 413:
-1 0 0 0 0
-1 0 0 -1 0
-1 0 -1 -1 0
-1 -1 -1 -1 -1
-1 -1 -1 -1 1

Chamber 414:
-1 0 0 0 0
-1 0 0 1 0
-1 0 -1 1 0
-1 1 -1 1 -1
-1 1 -1 1 1

Chamber 415:
-1 0 0 0 0
-1 0 0 0 -1
-1 0 -1 0 -1
-1 1 -1 1 -1
-1 -1 -1 1 -1

Chamber 416:
-1 0 0 0 0
-1 0 0 0 1
-1 0 -1 0 1
-1 -1 -1 1 1
-1 1 -1 1 1

Chamber 417:
-1 0 0 0 0
-1 1 0 0 0
-1 1 0 1 0
-1 1 -1 1 -1
-1 1 -1 1 1

Chamber 418:
-1 0 0 0 0
-1 1 0 0 0
-1 1 0 -1 0
-1 1 1 -1 -1
-1 1 1 -1 1

Chamber 419:
-1 0 0 0 0
-1 1 0 0 0
-1 1 0 0 1
-1 1 1 1 1
-1 1 -1 1 1

Chamber 420:
-1 0 0 0 0
-1 1 0 0 0
-1 1 0 0 -1
-1 1 -1 1 -1
-1 1 1 1 -1

Chamber 421:
-1 0 0 0 0
-1 1 0 0 0
-1 1 -1 0 0
-1 1 -1 1 -1
-1 1 -1 -1 -1

Chamber 422:
-1 0 0 0 0
-1 1 0 0 0
-1 1 -1 0 0
-1 1 -1 -1 1
-1 1 -1 1 1

Chamber 423:
0 0 -1 0 0
0 1 -1 0 0
1 1 -1 0 0
1 1 -1 -1 -1
1 1 -1 -1 1

Chamber 424:
0 0 -1 0 0
0 1 -1 0 0
0 1 -1 1 0
1 1 -1 1 1
-1 1 -1 1 1

Chamber 425:
0 0 -1 0 0
0 1 -1 0 0
0 1 -1 1 0
-1 1 -1 1 -1
1 1 -1 1 -1

Chamber 426:
0 0 -1 0 0
0 0 -1 0 -1
0 0 -1 1 -1
-1 1 -1 1 -1
-1 -1 -1 1 -1

Chamber 427:
0 0 -1 0 0
0 0 -1 0 1
0 0 -1 1 1
-1 -1 -1 1 1
-1 1 -1 1 1

Chamber 428:
0 0 0 0 1
0 1 0 0 1
0 1 0 1 1
-1 1 1 1 1
-1 1 -1 1 1

Chamber 429:
0 0 0 0 -1
0 1 0 0 -1
0 1 0 1 -1
-1 1 -1 1 -1
-1 1 1 1 -1

Chamber 430:
0 0 -1 0 0
0 1 -1 0 0
0 1 -1 0 -1
-1 1 -1 1 -1
-1 1 -1 -1 -1

Chamber 431:
0 0 -1 0 0
0 1 -1 0 0
0 1 -1 0 1
-1 1 -1 -1 1
-1 1 -1 1 1

Chamber 432:
0 0 -1 0 0
0 1 -1 0 0
0 1 -1 -1 0
1 1 -1 -1 -1
-1 1 -1 -1 -1

Chamber 433:
0 0 -1 0 0
0 1 -1 0 0
0 1 -1 -1 0
-1 1 -1 -1 1
1 1 -1 -1 1

Chamber 434:
0 0 -1 0 0
0 0 -1 0 -1
0 0 -1 -1 -1
1 1 -1 -1 -1
1 -1 -1 -1 -1

Chamber 435:
0 0 -1 0 0
0 0 -1 0 1
0 0 -1 -1 1
1 -1 -1 -1 1
1 1 -1 -1 1

Chamber 436:
0 0 0 0 1
0 1 0 0 1
0 1 0 -1 1
1 1 1 -1 1
1 1 -1 -1 1

Chamber 437:
0 0 0 0 -1
0 1 0 0 -1
0 1 0 -1 -1
1 1 -1 -1 -1
1 1 1 -1 -1

Chamber 438:
0 0 -1 0 0
0 1 -1 0 0
0 1 -1 0 1
1 1 -1 1 1
1 1 -1 -1 1

Chamber 439:
0 0 -1 0 0
0 1 -1 0 0
0 1 -1 0 -1
1 1 -1 -1 -1
1 1 -1 1 -1

Chamber 440:
0 0 -1 0 0
0 1 -1 0 0
1 1 -1 0 0
1 1 -1 1 1
1 1 -1 1 -1

Chamber 441:
0 0 -1 0 0
0 0 -1 -1 0
0 0 -1 -1 1
1 -1 -1 -1 1
-1 -1 -1 -1 1

Chamber 442:
0 0 -1 0 0
0 0 -1 1 0
0 0 -1 1 1
1 1 -1 1 1
-1 1 -1 1 1

Chamber 443:
0 0 0 1 0
0 1 0 1 0
0 1 0 1 1
1 1 -1 1 1
-1 1 -1 1 1

Chamber 444:
0 0 0 -1 0
0 1 0 -1 0
0 1 0 -1 1
1 1 1 -1 1
-1 1 1 -1 1

Chamber 445:
0 0 -1 0 0
0 0 -1 -1 0
0 0 -1 -1 -1
-1 -1 -1 -1 -1
1 -1 -1 -1 -1

Chamber 446:
0 0 -1 0 0
0 0 -1 1 0
0 0 -1 1 -1
-1 1 -1 1 -1
1 1 -1 1 -1

Chamber 447:
0 0 0 1 0
0 1 0 1 0
0 1 0 1 -1
-1 1 -1 1 -1
1 1 -1 1 -1

Chamber 448:
0 0 0 -1 0
0 1 0 -1 0
0 1 0 -1 -1
-1 1 1 -1 -1
1 1 1 -1 -1

Chamber 449:
0 0 -1 0 0
0 -1 -1 0 0
-1 -1 -1 0 0
-1 -1 -1 -1 -1
-1 -1 -1 -1 1

Chamber 450:
0 0 -1 0 0
0 0 -1 -1 0
-1 0 -1 -1 0
-1 1 -1 -1 1
-1 -1 -1 -1 1

Chamber 451:
0 0 -1 0 0
0 0 -1 -1 0
-1 0 -1 -1 0
-1 -1 -1 -1 -1
-1 1 -1 -1 -1

Chamber 452:
0 0 0 0 1
0 0 0 -1 1
-1 0 0 -1 1
-1 -1 1 -1 1
-1 -1 -1 -1 1

Chamber 453:
0 0 0 0 -1
0 0 0 -1 -1
-1 0 0 -1 -1
-1 -1 -1 -1 -1
-1 -1 1 -1 -1

Chamber 454:
0 0 -1 0 0
0 0 -1 0 1
-1 0 -1 0 1
-1 -1 -1 1 1
-1 -1 -1 -1 1

Chamber 455:
0 0 -1 0 0
0 0 -1 0 -1
-1 0 -1 0 -1
-1 -1 -1 -1 -1
-1 -1 -1 1 -1

Chamber 456:
0 0 -1 0 0
0 0 -1 1 0
-1 0 -1 1 0
-1 1 -1 1 -1
-1 -1 -1 1 -1

Chamber 457:
0 0 -1 0 0
0 0 -1 1 0
-1 0 -1 1 0
-1 -1 -1 1 1
-1 1 -1 1 1

Chamber 458:
0 0 0 0 1
0 0 0 1 1
-1 0 0 1 1
-1 1 1 1 1
-1 1 -1 1 1

Chamber 459:
0 0 0 0 -1
0 0 0 1 -1
-1 0 0 1 -1
-1 1 -1 1 -1
-1 1 1 1 -1

Chamber 460:
0 0 -1 0 0
0 0 -1 0 -1
-1 0 -1 0 -1
-1 1 -1 1 -1
-1 1 -1 -1 -1

Chamber 461:
0 0 -1 0 0
0 0 -1 0 1
-1 0 -1 0 1
-1 1 -1 -1 1
-1 1 -1 1 1

Chamber 462:
0 0 -1 0 0
0 -1 -1 0 0
-1 -1 -1 0 0
-1 -1 -1 1 1
-1 -1 -1 1 -1

Chamber 463:
0 0 0 1 0
0 0 0 1 -1
-1 0 0 1 -1
-1 1 -1 1 -1
-1 -1 -1 1 -1

Chamber 464:
0 0 0 -1 0
0 0 0 -1 -1
-1 0 0 -1 -1
-1 1 1 -1 -1
-1 -1 1 -1 -1

Chamber 465:
0 0 0 1 0
0 0 0 1 1
-1 0 0 1 1
-1 -1 -1 1 1
-1 1 -1 1 1

Chamber 466:
0 0 0 -1 0
0 0 0 -1 1
-1 0 0 -1 1
-1 -1 1 -1 1
-1 1 1 -1 1

Chamber 467:
0 0 1 0 0
0 1 1 0 0
-1 1 1 0 0
-1 1 1 -1 -1
-1 1 1 -1 1

Chamber 468:
0 0 0 1 0
0 1 0 1 0
-1 1 0 1 0
-1 1 1 1 1
-1 1 -1 1 1

Chamber 469:
0 0 0 1 0
0 1 0 1 0
-1 1 0 1 0
-1 1 -1 1 -1
-1 1 1 1 -1

Chamber 470:
0 0 0 0 -1
0 1 0 0 -1
-1 1 0 0 -1
-1 1 -1 1 -1
-1 1 -1 -1 -1

Chamber 471:
0 0 0 0 1
0 1 0 0 1
-1 1 0 0 1
-1 1 -1 -1 1
-1 1 -1 1 1

Chamber 472:
0 0 0 -1 0
0 1 0 -1 0
-1 1 0 -1 0
-1 1 1 -1 -1
-1 1 -1 -1 -1

Chamber 473:
0 0 0 -1 0
0 1 0 -1 0
-1 1 0 -1 0
-1 1 -1 -1 1
-1 1 1 -1 1

Chamber 474:
0 0 0 0 1
0 1 0 0 1
-1 1 0 0 1
-1 1 1 1 1
-1 1 1 -1 1

Chamber 475:
0 0 0 0 -1
0 1 0 0 -1
-1 1 0 0 -1
-1 1 1 -1 -1
-1 1 1 1 -1

Chamber 476:
0 0 1 0 0
0 1 1 0 0
-1 1 1 0 0
-1 1 1 1 1
-1 1 1 1 -1

Chamber 477:
0 0 -1 0 0
0 1 -1 0 0
-1 1 -1 0 0
-1 1 -1 -1 1
-1 1 -1 -1 -1

Chamber 478:
0 0 1 0 0
0 1 1 0 0
0 1 1 -1 0
1 1 1 -1 1
-1 1 1 -1 1

Chamber 479:
0 0 1 0 0
0 1 1 0 0
0 1 1 -1 0
-1 1 1 -1 -1
1 1 1 -1 -1

Chamber 480:
0 0 1 0 0
0 0 1 0 -1
0 0 1 -1 -1
-1 1 1 -1 -1
-1 -1 1 -1 -1

Chamber 481:
0 0 1 0 0
0 0 1 0 1
0 0 1 -1 1
-1 -1 1 -1 1
-1 1 1 -1 1

Chamber 482:
0 0 0 0 -1
0 1 0 0 -1
0 1 0 -1 -1
-1 1 1 -1 -1
-1 1 -1 -1 -1

Chamber 483:
0 0 0 0 1
0 1 0 0 1
0 1 0 -1 1
-1 1 -1 -1 1
-1 1 1 -1 1

Chamber 484:
0 0 1 0 0
0 1 1 0 0
0 1 1 0 1
-1 1 1 1 1
-1 1 1 -1 1

Chamber 485:
0 0 1 0 0
0 1 1 0 0
0 1 1 0 -1
-1 1 1 -1 -1
-1 1 1 1 -1

Chamber 486:
0 0 1 0 0
0 1 1 0 0
0 1 1 1 0
1 1 1 1 -1
-1 1 1 1 -1

Chamber 487:
0 0 1 0 0
0 1 1 0 0
0 1 1 1 0
-1 1 1 1 1
1 1 1 1 1

Chamber 488:
0 0 1 0 0
0 0 1 0 -1
0 0 1 1 -1
1 1 1 1 -1
1 -1 1 1 -1

Chamber 489:
0 0 1 0 0
0 0 1 0 1
0 0 1 1 1
1 -1 1 1 1
1 1 1 1 1

Chamber 490:
0 0 0 0 -1
0 1 0 0 -1
0 1 0 1 -1
1 1 1 1 -1
1 1 -1 1 -1

Chamber 491:
0 0 0 0 1
0 1 0 0 1
0 1 0 1 1
1 1 -1 1 1
1 1 1 1 1

Chamber 492:
0 0 1 0 0
0 1 1 0 0
0 1 1 0 -1
1 1 1 1 -1
1 1 1 -1 -1

Chamber 493:
0 0 1 0 0
0 1 1 0 0
0 1 1 0 1
1 1 1 -1 1
1 1 1 1 1

Chamber 494:
0 0 1 0 0
0 0 1 -1 0
0 0 1 -1 -1
1 -1 1 -1 -1
-1 -1 1 -1 -1

Chamber 495:
0 0 1 0 0
0 0 1 1 0
0 0 1 1 -1
1 1 1 1 -1
-1 1 1 1 -1

Chamber 496:
0 0 0 -1 0
0 1 0 -1 0
0 1 0 -1 -1
1 1 -1 -1 -1
-1 1 -1 -1 -1

Chamber 497:
0 0 0 1 0
0 1 0 1 0
0 1 0 1 -1
1 1 1 1 -1
-1 1 1 1 -1

Chamber 498:
0 0 1 0 0
0 0 1 -1 0
0 0 1 -1 1
-1 -1 1 -1 1
1 -1 1 -1 1

Chamber 499:
0 0 1 0 0
0 0 1 1 0
0 0 1 1 1
-1 1 1 1 1
1 1 1 1 1

Chamber 500:
0 0 0 -1 0
0 1 0 -1 0
0 1 0 -1 1
-1 1 -1 -1 1
1 1 -1 -1 1

Chamber 501:
0 0 0 1 0
0 1 0 1 0
0 1 0 1 1
-1 1 1 1 1
1 1 1 1 1

Chamber 502:
0 0 1 0 0
0 -1 1 0 0
1 -1 1 0 0
1 -1 1 -1 -1
1 -1 1 -1 1

Chamber 503:
0 0 1 0 0
0 0 1 -1 0
1 0 1 -1 0
1 1 1 -1 1
1 -1 1 -1 1

Chamber 504:
0 0 1 0 0
0 0 1 -1 0
1 0 1 -1 0
1 -1 1 -1 -1
1 1 1 -1 -1

Chamber 505:
0 0 0 0 -1
0 0 0 -1 -1
1 0 0 -1 -1
1 -1 1 -1 -1
1 -1 -1 -1 -1

Chamber 506:
0 0 0 0 1
0 0 0 -1 1
1 0 0 -1 1
1 -1 -1 -1 1
1 -1 1 -1 1

Chamber 507:
0 0 1 0 0
0 0 1 0 1
1 0 1 0 1
1 -1 1 1 1
1 -1 1 -1 1

Chamber 508:
0 0 1 0 0
0 0 1 0 -1
1 0 1 0 -1
1 -1 1 -1 -1
1 -1 1 1 -1

Chamber 509:
0 0 1 0 0
0 0 1 1 0
1 0 1 1 0
1 1 1 1 -1
1 -1 1 1 -1

Chamber 510:
0 0 1 0 0
0 0 1 1 0
1 0 1 1 0
1 -1 1 1 1
1 1 1 1 1

Chamber 511:
0 0 0 0 -1
0 0 0 1 -1
1 0 0 1 -1
1 1 1 1 -1
1 1 -1 1 -1

Chamber 512:
0 0 0 0 1
0 0 0 1 1
1 0 0 1 1
1 1 -1 1 1
1 1 1 1 1

Chamber 513:
0 0 1 0 0
0 0 1 0 -1
1 0 1 0 -1
1 1 1 1 -1
1 1 1 -1 -1

Chamber 514:
0 0 1 0 0
0 0 1 0 1
1 0 1 0 1
1 1 1 -1 1
1 1 1 1 1

Chamber 515:
0 0 1 0 0
0 -1 1 0 0
1 -1 1 0 0
1 -1 1 1 1
1 -1 1 1 -1

Chamber 516:
0 0 0 -1 0
0 0 0 -1 -1
1 0 0 -1 -1
1 1 -1 -1 -1
1 -1 -1 -1 -1

Chamber 517:
0 0 0 1 0
0 0 0 1 -1
1 0 0 1 -1
1 1 1 1 -1
1 -1 1 1 -1

Chamber 518:
0 0 0 -1 0
0 0 0 -1 1
1 0 0 -1 1
1 -1 -1 -1 1
1 1 -1 -1 1

Chamber 519:
0 0 0 1 0
0 0 0 1 1
1 0 0 1 1
1 -1 1 1 1
1 1 1 1 1

Chamber 520:
0 0 0 -1 0
0 1 0 -1 0
1 1 0 -1 0
1 1 1 -1 1
1 1 -1 -1 1

Chamber 521:
0 0 0 -1 0
0 1 0 -1 0
1 1 0 -1 0
1 1 -1 -1 -1
1 1 1 -1 -1

Chamber 522:
0 0 0 0 1
0 1 0 0 1
1 1 0 0 1
1 1 -1 1 1
1 1 -1 -1 1

Chamber 523:
0 0 0 0 -1
0 1 0 0 -1
1 1 0 0 -1
1 1 -1 -1 -1
1 1 -1 1 -1

Chamber 524:
0 0 0 1 0
0 1 0 1 0
1 1 0 1 0
1 1 1 1 -1
1 1 -1 1 -1

Chamber 525:
0 0 0 1 0
0 1 0 1 0
1 1 0 1 0
1 1 -1 1 1
1 1 1 1 1

Chamber 526:
0 0 0 0 -1
0 1 0 0 -1
1 1 0 0 -1
1 1 1 1 -1
1 1 1 -1 -1

Chamber 527:
0 0 0 0 1
0 1 0 0 1
1 1 0 0 1
1 1 1 -1 1
1 1 1 1 1

Chamber 528:
0 0 1 0 0
0 1 1 0 0
1 1 1 0 0
1 1 1 -1 1
1 1 1 -1 -1

Chamber 529:
0 0 0 0 1
0 1 0 0 1
0 1 1 0 1
1 1 1 -1 1
-1 1 1 -1 1

Chamber 530:
0 0 0 0 -1
0 1 0 0 -1
0 1 1 0 -1
-1 1 1 -1 -1
1 1 1 -1 -1

Chamber 531:
-1 0 0 0 0
-1 0 -1 0 0
-1 -1 -1 0 0
-1 -1 -1 -1 -1
-1 -1 -1 -1 1

Chamber 532:
-1 0 0 0 0
-1 0 1 0 0
-1 1 1 0 0
-1 1 1 -1 -1
-1 1 1 -1 1

Chamber 533:
-1 0 0 0 0
-1 0 0 0 -1
-1 0 1 0 -1
-1 1 1 -1 -1
-1 -1 1 -1 -1

Chamber 534:
-1 0 0 0 0
-1 0 0 0 1
-1 0 1 0 1
-1 -1 1 -1 1
-1 1 1 -1 1

Chamber 535:
-1 0 0 0 0
-1 1 0 0 0
-1 1 0 0 -1
-1 1 1 -1 -1
-1 1 -1 -1 -1

Chamber 536:
-1 0 0 0 0
-1 1 0 0 0
-1 1 0 0 1
-1 1 -1 -1 1
-1 1 1 -1 1

Chamber 537:
-1 0 0 0 0
-1 1 0 0 0
-1 1 1 0 0
-1 1 1 1 1
-1 1 1 -1 1

Chamber 538:
-1 0 0 0 0
-1 1 0 0 0
-1 1 1 0 0
-1 1 1 -1 -1
-1 1 1 1 -1

Chamber 539:
0 0 0 -1 0
0 1 0 -1 0
0 1 1 -1 0
1 1 1 -1 1
1 1 1 -1 -1

Chamber 540:
0 0 0 -1 0
0 0 -1 -1 0
0 -1 -1 -1 0
1 -1 -1 -1 1
-1 -1 -1 -1 1

Chamber 541:
0 0 0 -1 0
0 0 1 -1 0
0 1 1 -1 0
1 1 1 -1 1
-1 1 1 -1 1

Chamber 542:
0 0 0 -1 0
0 0 -1 -1 0
0 -1 -1 -1 0
-1 -1 -1 -1 -1
1 -1 -1 -1 -1

Chamber 543:
0 0 0 -1 0
0 0 1 -1 0
0 1 1 -1 0
-1 1 1 -1 -1
1 1 1 -1 -1

Chamber 544:
0 0 0 -1 0
0 -1 0 -1 0
0 -1 -1 -1 0
-1 -1 -1 -1 -1
-1 -1 -1 -1 1

Chamber 545:
0 0 0 -1 0
0 0 -1 -1 0
0 0 -1 -1 1
-1 1 -1 -1 1
-1 -1 -1 -1 1

Chamber 546:
0 0 0 -1 0
0 0 -1 -1 0
0 0 -1 -1 -1
-1 -1 -1 -1 -1
-1 1 -1 -1 -1

Chamber 547:
0 0 0 -1 0
0 0 0 -1 1
0 -1 0 -1 1
-1 -1 1 -1 1
-1 -1 -1 -1 1

Chamber 548:
0 0 0 -1 0
0 0 0 -1 -1
0 -1 0 -1 -1
-1 -1 -1 -1 -1
-1 -1 1 -1 -1

Chamber 549:
0 0 0 0 1
0 0 -1 0 1
0 -1 -1 0 1
-1 -1 -1 1 1
-1 -1 -1 -1 1

Chamber 550:
0 0 0 0 -1
0 0 -1 0 -1
0 -1 -1 0 -1
-1 -1 -1 -1 -1
-1 -1 -1 1 -1

Chamber 551:
0 0 0 -1 0
0 0 1 -1 0
0 0 1 -1 -1
-1 1 1 -1 -1
-1 -1 1 -1 -1

Chamber 552:
0 0 0 -1 0
0 0 1 -1 0
0 0 1 -1 1
-1 -1 1 -1 1
-1 1 1 -1 1

Chamber 553:
0 0 0 -1 0
0 0 0 -1 -1
0 1 0 -1 -1
-1 1 1 -1 -1
-1 1 -1 -1 -1

Chamber 554:
0 0 0 -1 0
0 0 0 -1 1
0 1 0 -1 1
-1 1 -1 -1 1
-1 1 1 -1 1

Chamber 555:
0 0 0 0 1
0 0 1 0 1
0 1 1 0 1
-1 1 1 1 1
-1 1 1 -1 1

Chamber 556:
0 0 0 0 -1
0 0 1 0 -1
0 1 1 0 -1
-1 1 1 -1 -1
-1 1 1 1 -1

Chamber 557:
0 0 0 -1 0
0 -1 0 -1 0
0 -1 1 -1 0
-1 -1 1 -1 1
-1 -1 1 -1 -1

Chamber 558:
0 0 0 -1 0
0 1 0 -1 0
0 1 -1 -1 0
-1 1 -1 -1 1
-1 1 -1 -1 -1

Chamber 559:
0 0 0 1 0
0 1 0 1 0
0 1 1 1 0
-1 1 1 1 1
-1 1 1 1 -1

Chamber 560:
0 0 0 1 0
0 0 -1 1 0
0 -1 -1 1 0
1 -1 -1 1 -1
-1 -1 -1 1 -1

Chamber 561:
0 0 0 1 0
0 0 1 1 0
0 1 1 1 0
1 1 1 1 -1
-1 1 1 1 -1

Chamber 562:
0 0 0 1 0
0 0 -1 1 0
0 -1 -1 1 0
-1 -1 -1 1 1
1 -1 -1 1 1

Chamber 563:
0 0 0 1 0
0 0 1 1 0
0 1 1 1 0
-1 1 1 1 1
1 1 1 1 1

Chamber 564:
0 0 0 1 0
0 -1 0 1 0
0 -1 -1 1 0
1 -1 -1 1 -1
1 -1 -1 1 1

Chamber 565:
0 0 0 1 0
0 0 -1 1 0
0 0 -1 1 1
1 1 -1 1 1
1 -1 -1 1 1

Chamber 566:
0 0 0 1 0
0 0 -1 1 0
0 0 -1 1 -1
1 -1 -1 1 -1
1 1 -1 1 -1

Chamber 567:
0 0 0 1 0
0 0 0 1 1
0 -1 0 1 1
1 -1 1 1 1
1 -1 -1 1 1

Chamber 568:
0 0 0 1 0
0 0 0 1 -1
0 -1 0 1 -1
1 -1 -1 1 -1
1 -1 1 1 -1

Chamber 569:
0 0 0 0 -1
0 0 -1 0 -1
0 -1 -1 0 -1
1 -1 -1 1 -1
1 -1 -1 -1 -1

Chamber 570:
0 0 0 0 1
0 0 -1 0 1
0 -1 -1 0 1
1 -1 -1 -1 1
1 -1 -1 1 1

Chamber 571:
0 0 0 1 0
0 0 1 1 0
0 0 1 1 -1
1 1 1 1 -1
1 -1 1 1 -1

Chamber 572:
0 0 0 1 0
0 0 1 1 0
0 0 1 1 1
1 -1 1 1 1
1 1 1 1 1

Chamber 573:
0 0 0 1 0
0 0 0 1 -1
0 1 0 1 -1
1 1 1 1 -1
1 1 -1 1 -1

Chamber 574:
0 0 0 1 0
0 0 0 1 1
0 1 0 1 1
1 1 -1 1 1
1 1 1 1 1

Chamber 575:
0 0 0 0 -1
0 0 1 0 -1
0 1 1 0 -1
1 1 1 1 -1
1 1 1 -1 -1

Chamber 576:
0 0 0 0 1
0 0 1 0 1
0 1 1 0 1
1 1 1 -1 1
1 1 1 1 1

Chamber 577:
0 0 0 1 0
0 -1 0 1 0
0 -1 1 1 0
1 -1 1 1 1
1 -1 1 1 -1

Chamber 578:
0 0 0 1 0
0 1 0 1 0
0 1 -1 1 0
1 1 -1 1 1
1 1 -1 1 -1

Chamber 579:
-1 0 0 0 0
-1 0 -1 0 0
-1 -1 -1 0 0
-1 -1 -1 1 1
-1 -1 -1 1 -1

Chamber 580:
-1 0 0 0 0
-1 0 1 0 0
-1 1 1 0 0
-1 1 1 1 1
-1 1 1 1 -1

Chamber 581:
-1 0 0 0 0
-1 0 0 -1 0
-1 0 1 -1 0
-1 -1 1 -1 1
-1 -1 1 -1 -1

Chamber 582:
-1 0 0 0 0
-1 0 0 1 0
-1 0 1 1 0
-1 1 1 1 1
-1 1 1 1 -1

Chamber 583:
-1 0 0 0 0
-1 1 0 0 0
-1 1 0 -1 0
-1 1 -1 -1 1
-1 1 -1 -1 -1

Chamber 584:
-1 0 0 0 0
-1 1 0 0 0
-1 1 0 1 0
-1 1 1 1 1
-1 1 1 1 -1

Chamber 585:
0 0 0 0 -1
0 -1 0 0 -1
0 -1 -1 0 -1
1 -1 -1 1 -1
-1 -1 -1 1 -1

Chamber 586:
0 0 0 0 -1
0 0 -1 0 -1
0 0 -1 1 -1
1 -1 -1 1 -1
-1 -1 -1 1 -1

Chamber 587:
0 0 0 0 -1
0 0 -1 0 -1
0 0 -1 -1 -1
1 1 -1 -1 -1
-1 1 -1 -1 -1

Chamber 588:
0 0 0 0 -1
0 0 0 1 -1
0 -1 0 1 -1
1 -1 -1 1 -1
-1 -1 -1 1 -1

Chamber 589:
0 0 0 0 -1
0 0 0 -1 -1
0 -1 0 -1 -1
1 -1 1 -1 -1
-1 -1 1 -1 -1

Chamber 590:
0 0 0 0 -1
0 0 1 0 -1
0 0 1 -1 -1
1 -1 1 -1 -1
-1 -1 1 -1 -1

Chamber 591:
0 0 0 0 -1
0 0 1 0 -1
0 0 1 1 -1
1 1 1 1 -1
-1 1 1 1 -1

Chamber 592:
0 0 0 0 -1
0 0 0 -1 -1
0 1 0 -1 -1
1 1 -1 -1 -1
-1 1 -1 -1 -1

Chamber 593:
0 0 0 0 -1
0 0 0 1 -1
0 1 0 1 -1
1 1 1 1 -1
-1 1 1 1 -1

Chamber 594:
0 0 0 0 -1
0 -1 0 0 -1
0 -1 1 0 -1
1 -1 1 -1 -1
-1 -1 1 -1 -1

Chamber 595:
0 0 0 0 -1
0 1 0 0 -1
0 1 -1 0 -1
1 1 -1 -1 -1
-1 1 -1 -1 -1

Chamber 596:
0 0 0 0 1
0 -1 0 0 1
0 -1 -1 0 1
-1 -1 -1 1 1
1 -1 -1 1 1

Chamber 597:
0 0 0 0 1
0 0 -1 0 1
0 0 -1 1 1
-1 -1 -1 1 1
1 -1 -1 1 1

Chamber 598:
0 0 0 0 1
0 0 -1 0 1
0 0 -1 -1 1
-1 1 -1 -1 1
1 1 -1 -1 1

Chamber 599:
0 0 0 0 1
0 0 0 1 1
0 -1 0 1 1
-1 -1 -1 1 1
1 -1 -1 1 1

Chamber 600:
0 0 0 0 1
0 0 0 -1 1
0 -1 0 -1 1
-1 -1 1 -1 1
1 -1 1 -1 1

Chamber 601:
0 0 0 0 1
0 0 1 0 1
0 0 1 -1 1
-1 -1 1 -1 1
1 -1 1 -1 1

Chamber 602:
0 0 0 0 1
0 0 1 0 1
0 0 1 1 1
-1 1 1 1 1
1 1 1 1 1

Chamber 603:
0 0 0 0 1
0 0 0 -1 1
0 1 0 -1 1
-1 1 -1 -1 1
1 1 -1 -1 1

Chamber 604:
0 0 0 0 1
0 0 0 1 1
0 1 0 1 1
-1 1 1 1 1
1 1 1 1 1

Chamber 605:
0 0 0 0 1
0 -1 0 0 1
0 -1 1 0 1
-1 -1 1 -1 1
1 -1 1 -1 1

Chamber 606:
0 0 0 0 1
0 1 0 0 1
0 1 -1 0 1
-1 1 -1 -1 1
1 1 -1 -1 1

Chamber 607:
1 0 0 0 0
1 0 0 1 0
1 0 -1 1 0
1 -1 -1 1 -1
1 -1 -1 1 1

Chamber 608:
1 0 0 0 0
1 0 0 -1 0
1 0 -1 -1 0
1 1 -1 -1 -1
1 1 -1 -1 1

Chamber 609:
1 0 0 0 0
1 0 0 0 1
1 0 -1 0 1
1 1 -1 1 1
1 -1 -1 1 1

Chamber 610:
1 0 0 0 0
1 0 0 0 -1
1 0 -1 0 -1
1 -1 -1 1 -1
1 1 -1 1 -1

Chamber 611:
1 0 0 0 0
1 -1 0 0 0
1 -1 0 1 0
1 -1 -1 1 -1
1 -1 -1 1 1

Chamber 612:
1 0 0 0 0
1 -1 0 0 0
1 -1 0 -1 0
1 -1 1 -1 -1
1 -1 1 -1 1

Chamber 613:
1 0 0 0 0
1 -1 0 0 0
1 -1 0 0 1
1 -1 1 1 1
1 -1 -1 1 1

Chamber 614:
1 0 0 0 0
1 -1 0 0 0
1 -1 0 0 -1
1 -1 -1 1 -1
1 -1 1 1 -1

Chamber 615:
1 0 0 0 0
1 -1 0 0 0
1 -1 -1 0 0
1 -1 -1 1 -1
1 -1 -1 -1 -1

Chamber 616:
1 0 0 0 0
1 -1 0 0 0
1 -1 -1 0 0
1 -1 -1 -1 1
1 -1 -1 1 1

Chamber 617:
1 0 0 0 0
1 0 -1 0 0
1 1 -1 0 0
1 1 -1 -1 -1
1 1 -1 -1 1

Chamber 618:
1 0 0 0 0
1 0 -1 0 0
1 0 -1 1 0
1 1 -1 1 1
1 -1 -1 1 1

Chamber 619:
1 0 0 0 0
1 0 -1 0 0
1 0 -1 1 0
1 -1 -1 1 -1
1 1 -1 1 -1

Chamber 620:
1 0 0 0 0
1 0 0 0 1
1 0 0 1 1
1 -1 1 1 1
1 -1 -1 1 1

Chamber 621:
1 0 0 0 0
1 0 0 0 -1
1 0 0 1 -1
1 -1 -1 1 -1
1 -1 1 1 -1

Chamber 622:
1 0 0 0 0
1 0 -1 0 0
1 0 -1 0 -1
1 -1 -1 1 -1
1 -1 -1 -1 -1

Chamber 623:
1 0 0 0 0
1 0 -1 0 0
1 0 -1 0 1
1 -1 -1 -1 1
1 -1 -1 1 1

Chamber 624:
1 0 0 0 0
1 0 -1 0 0
1 0 -1 -1 0
1 1 -1 -1 -1
1 -1 -1 -1 -1

Chamber 625:
1 0 0 0 0
1 0 -1 0 0
1 0 -1 -1 0
1 -1 -1 -1 1
1 1 -1 -1 1

Chamber 626:
1 0 0 0 0
1 0 0 0 1
1 0 0 -1 1
1 1 1 -1 1
1 1 -1 -1 1

Chamber 627:
1 0 0 0 0
1 0 0 0 -1
1 0 0 -1 -1
1 1 -1 -1 -1
1 1 1 -1 -1

Chamber 628:
1 0 0 0 0
1 0 -1 0 0
1 0 -1 0 1
1 1 -1 1 1
1 1 -1 -1 1

Chamber 629:
1 0 0 0 0
1 0 -1 0 0
1 0 -1 0 -1
1 1 -1 -1 -1
1 1 -1 1 -1

Chamber 630:
1 0 0 0 0
1 0 -1 0 0
1 1 -1 0 0
1 1 -1 1 1
1 1 -1 1 -1

Chamber 631:
1 0 0 0 0
1 0 0 1 0
1 0 0 1 1
1 1 -1 1 1
1 -1 -1 1 1

Chamber 632:
1 0 0 0 0
1 0 0 -1 0
1 0 0 -1 1
1 1 1 -1 1
1 -1 1 -1 1

Chamber 633:
1 0 0 0 0
1 0 0 1 0
1 0 0 1 -1
1 -1 -1 1 -1
1 1 -1 1 -1

Chamber 634:
1 0 0 0 0
1 0 0 -1 0
1 0 0 -1 -1
1 -1 1 -1 -1
1 1 1 -1 -1

Chamber 635:
1 0 0 0 0
1 0 1 0 0
1 -1 1 0 0
1 -1 1 -1 -1
1 -1 1 -1 1

Chamber 636:
1 0 0 0 0
1 0 0 1 0
1 -1 0 1 0
1 -1 1 1 1
1 -1 -1 1 1

Chamber 637:
1 0 0 0 0
1 0 0 1 0
1 -1 0 1 0
1 -1 -1 1 -1
1 -1 1 1 -1

Chamber 638:
1 0 0 0 0
1 0 0 0 -1
1 -1 0 0 -1
1 -1 -1 1 -1
1 -1 -1 -1 -1

Chamber 639:
1 0 0 0 0
1 0 0 0 1
1 -1 0 0 1
1 -1 -1 -1 1
1 -1 -1 1 1

Chamber 640:
1 0 0 0 0
1 0 0 -1 0
1 -1 0 -1 0
1 -1 1 -1 -1
1 -1 -1 -1 -1

Chamber 641:
1 0 0 0 0
1 0 0 -1 0
1 -1 0 -1 0
1 -1 -1 -1 1
1 -1 1 -1 1

Chamber 642:
1 0 0 0 0
1 0 0 0 1
1 -1 0 0 1
1 -1 1 1 1
1 -1 1 -1 1

Chamber 643:
1 0 0 0 0
1 0 0 0 -1
1 -1 0 0 -1
1 -1 1 -1 -1
1 -1 1 1 -1

Chamber 644:
1 0 0 0 0
1 0 1 0 0
1 -1 1 0 0
1 -1 1 1 1
1 -1 1 1 -1

Chamber 645:
1 0 0 0 0
1 0 -1 0 0
1 -1 -1 0 0
1 -1 -1 -1 1
1 -1 -1 -1 -1

Chamber 646:
1 0 0 0 0
1 0 1 0 0
1 0 1 -1 0
1 1 1 -1 1
1 -1 1 -1 1

Chamber 647:
1 0 0 0 0
1 0 1 0 0
1 0 1 -1 0
1 -1 1 -1 -1
1 1 1 -1 -1

Chamber 648:
1 0 0 0 0
1 0 0 0 -1
1 0 0 -1 -1
1 -1 1 -1 -1
1 -1 -1 -1 -1

Chamber 649:
1 0 0 0 0
1 0 0 0 1
1 0 0 -1 1
1 -1 -1 -1 1
1 -1 1 -1 1

Chamber 650:
1 0 0 0 0
1 0 1 0 0
1 0 1 0 1
1 -1 1 1 1
1 -1 1 -1 1

Chamber 651:
1 0 0 0 0
1 0 1 0 0
1 0 1 0 -1
1 -1 1 -1 -1
1 -1 1 1 -1

Chamber 652:
1 0 0 0 0
1 0 1 0 0
1 0 1 1 0
1 1 1 1 -1
1 -1 1 1 -1

Chamber 653:
1 0 0 0 0
1 0 1 0 0
1 0 1 1 0
1 -1 1 1 1
1 1 1 1 1

Chamber 654:
1 0 0 0 0
1 0 0 0 -1
1 0 0 1 -1
1 1 1 1 -1
1 1 -1 1 -1

Chamber 655:
1 0 0 0 0
1 0 0 0 1
1 0 0 1 1
1 1 -1 1 1
1 1 1 1 1

Chamber 656:
1 0 0 0 0
1 0 1 0 0
1 0 1 0 -1
1 1 1 1 -1
1 1 1 -1 -1

Chamber 657:
1 0 0 0 0
1 0 1 0 0
1 0 1 0 1
1 1 1 -1 1
1 1 1 1 1

Chamber 658:
1 0 0 0 0
1 0 0 -1 0
1 0 0 -1 -1
1 1 -1 -1 -1
1 -1 -1 -1 -1

Chamber 659:
1 0 0 0 0
1 0 0 1 0
1 0 0 1 -1
1 1 1 1 -1
1 -1 1 1 -1

Chamber 660:
1 0 0 0 0
1 0 0 -1 0
1 0 0 -1 1
1 -1 -1 -1 1
1 1 -1 -1 1

Chamber 661:
1 0 0 0 0
1 0 0 1 0
1 0 0 1 1
1 -1 1 1 1
1 1 1 1 1

Chamber 662:
1 0 0 0 0
1 0 0 -1 0
1 1 0 -1 0
1 1 1 -1 1
1 1 -1 -1 1

Chamber 663:
1 0 0 0 0
1 0 0 -1 0
1 1 0 -1 0
1 1 -1 -1 -1
1 1 1 -1 -1

Chamber 664:
1 0 0 0 0
1 0 0 0 1
1 1 0 0 1
1 1 -1 1 1
1 1 -1 -1 1

Chamber 665:
1 0 0 0 0
1 0 0 0 -1
1 1 0 0 -1
1 1 -1 -1 -1
1 1 -1 1 -1

Chamber 666:
1 0 0 0 0
1 0 0 1 0
1 1 0 1 0
1 1 1 1 -1
1 1 -1 1 -1

Chamber 667:
1 0 0 0 0
1 0 0 1 0
1 1 0 1 0
1 1 -1 1 1
1 1 1 1 1

Chamber 668:
1 0 0 0 0
1 0 0 0 -1
1 1 0 0 -1
1 1 1 1 -1
1 1 1 -1 -1

Chamber 669:
1 0 0 0 0
1 0 0 0 1
1 1 0 0 1
1 1 1 -1 1
1 1 1 1 1

Chamber 670:
1 0 0 0 0
1 0 1 0 0
1 1 1 0 0
1 1 1 -1 1
1 1 1 -1 -1

Chamber 671:
1 0 0 0 0
1 0 0 0 1
1 0 1 0 1
1 1 1 -1 1
1 -1 1 -1 1

Chamber 672:
1 0 0 0 0
1 0 0 0 -1
1 0 1 0 -1
1 -1 1 -1 -1
1 1 1 -1 -1

Chamber 673:
1 0 0 0 0
1 -1 0 0 0
1 -1 0 0 -1
1 -1 1 -1 -1
1 -1 -1 -1 -1

Chamber 674:
1 0 0 0 0
1 -1 0 0 0
1 -1 0 0 1
1 -1 -1 -1 1
1 -1 1 -1 1

Chamber 675:
1 0 0 0 0
1 -1 0 0 0
1 -1 1 0 0
1 -1 1 1 1
1 -1 1 -1 1

Chamber 676:
1 0 0 0 0
1 -1 0 0 0
1 -1 1 0 0
1 -1 1 -1 -1
1 -1 1 1 -1

Chamber 677:
1 0 0 0 0
1 0 0 -1 0
1 0 1 -1 0
1 1 1 -1 1
1 1 1 -1 -1

Chamber 678:
1 0 0 0 0
1 0 0 -1 0
1 0 -1 -1 0
1 -1 -1 -1 1
1 -1 -1 -1 -1

Chamber 679:
1 0 0 0 0
1 0 0 1 0
1 0 1 1 0
1 -1 1 1 1
1 -1 1 1 -1

Chamber 680:
1 0 0 0 0
1 0 0 1 0
1 0 -1 1 0
1 1 -1 1 1
1 1 -1 1 -1

Chamber 681:
1 0 0 0 0
1 -1 0 0 0
1 -1 0 -1 0
1 -1 -1 -1 1
1 -1 -1 -1 -1

Chamber 682:
1 0 0 0 0
1 -1 0 0 0
1 -1 0 1 0
1 -1 1 1 1
1 -1 1 1 -1

Chamber 683:
1 0 0 0 0
1 0 0 0 -1
1 0 -1 0 -1
1 1 -1 -1 -1
1 -1 -1 -1 -1

Chamber 684:
1 0 0 0 0
1 0 0 0 1
1 0 -1 0 1
1 -1 -1 -1 1
1 1 -1 -1 1

Chamber 685:
1 0 0 0 0
1 1 0 0 0
1 1 0 0 1
1 1 1 -1 1
1 1 -1 -1 1

Chamber 686:
1 0 0 0 0
1 1 0 0 0
1 1 0 0 -1
1 1 -1 -1 -1
1 1 1 -1 -1

Chamber 687:
1 0 0 0 0
1 1 0 0 0
1 1 -1 0 0
1 1 -1 1 1
1 1 -1 -1 1

Chamber 688:
1 0 0 0 0
1 1 0 0 0
1 1 -1 0 0
1 1 -1 -1 -1
1 1 -1 1 -1

Chamber 689:
1 0 0 0 0
1 1 0 0 0
1 1 0 -1 0
1 1 1 -1 1
1 1 1 -1 -1

Chamber 690:
1 0 0 0 0
1 1 0 0 0
1 1 0 1 0
1 1 -1 1 1
1 1 -1 1 -1

Chamber 691:
0 0 1 0 0
0 -1 1 0 0
0 -1 1 1 0
-1 -1 1 1 -1
-1 -1 1 1 1

Chamber 692:
0 0 1 0 0
0 -1 1 0 0
0 -1 1 -1 0
1 -1 1 -1 -1
1 -1 1 -1 1

Chamber 693:
0 0 1 0 0
0 -1 1 0 0
0 -1 1 0 1
1 -1 1 1 1
-1 -1 1 1 1

Chamber 694:
0 0 1 0 0
0 -1 1 0 0
0 -1 1 0 -1
-1 -1 1 1 -1
1 -1 1 1 -1

Chamber 695:
0 0 1 0 0
0 0 1 1 0
-1 0 1 1 0
-1 -1 1 1 -1
-1 -1 1 1 1

Chamber 696:
0 0 1 0 0
0 0 1 -1 0
-1 0 1 -1 0
-1 1 1 -1 -1
-1 1 1 -1 1

Chamber 697:
0 0 1 0 0
0 0 1 0 1
-1 0 1 0 1
-1 1 1 1 1
-1 -1 1 1 1

Chamber 698:
0 0 1 0 0
0 0 1 0 -1
-1 0 1 0 -1
-1 -1 1 1 -1
-1 1 1 1 -1

Chamber 699:
0 0 0 -1 0
0 -1 0 -1 0
-1 -1 0 -1 0
-1 -1 -1 -1 -1
-1 -1 -1 -1 1

Chamber 700:
0 0 0 1 0
0 -1 0 1 0
-1 -1 0 1 0
-1 -1 1 1 -1
-1 -1 1 1 1

Chamber 701:
0 0 0 0 -1
0 -1 0 0 -1
-1 -1 0 0 -1
-1 -1 1 1 -1
-1 -1 -1 1 -1

Chamber 702:
0 0 0 0 1
0 -1 0 0 1
-1 -1 0 0 1
-1 -1 -1 1 1
-1 -1 1 1 1

Chamber 703:
0 0 1 0 0
0 -1 1 0 0
-1 -1 1 0 0
-1 -1 1 1 -1
-1 -1 1 -1 -1

Chamber 704:
0 0 1 0 0
0 -1 1 0 0
-1 -1 1 0 0
-1 -1 1 -1 1
-1 -1 1 1 1

Chamber 705:
0 0 -1 0 0
0 -1 -1 0 0
0 -1 -1 -1 0
-1 -1 -1 -1 -1
-1 -1 -1 -1 1

Chamber 706:
0 0 -1 0 0
0 -1 -1 0 0
0 -1 -1 1 0
1 -1 -1 1 -1
1 -1 -1 1 1

Chamber 707:
0 0 -1 0 0
0 -1 -1 0 0
0 -1 -1 0 -1
1 -1 -1 1 -1
-1 -1 -1 1 -1

Chamber 708:
0 0 -1 0 0
0 -1 -1 0 0
0 -1 -1 0 1
-1 -1 -1 1 1
1 -1 -1 1 1

Chamber 709:
0 0 -1 0 0
0 0 -1 1 0
1 0 -1 1 0
1 -1 -1 1 -1
1 -1 -1 1 1

Chamber 710:
0 0 -1 0 0
0 0 -1 -1 0
1 0 -1 -1 0
1 1 -1 -1 -1
1 1 -1 -1 1

Chamber 711:
0 0 -1 0 0
0 0 -1 0 1
1 0 -1 0 1
1 1 -1 1 1
1 -1 -1 1 1

Chamber 712:
0 0 -1 0 0
0 0 -1 0 -1
1 0 -1 0 -1
1 -1 -1 1 -1
1 1 -1 1 -1

Chamber 713:
0 0 0 1 0
0 -1 0 1 0
1 -1 0 1 0
1 -1 -1 1 -1
1 -1 -1 1 1

Chamber 714:
0 0 0 -1 0
0 -1 0 -1 0
1 -1 0 -1 0
1 -1 1 -1 -1
1 -1 1 -1 1

Chamber 715:
0 0 0 0 1
0 -1 0 0 1
1 -1 0 0 1
1 -1 1 1 1
1 -1 -1 1 1

Chamber 716:
0 0 0 0 -1
0 -1 0 0 -1
1 -1 0 0 -1
1 -1 -1 1 -1
1 -1 1 1 -1

Chamber 717:
0 0 -1 0 0
0 -1 -1 0 0
1 -1 -1 0 0
1 -1 -1 1 -1
1 -1 -1 -1 -1

Chamber 718:
0 0 -1 0 0
0 -1 -1 0 0
1 -1 -1 0 0
1 -1 -1 -1 1
1 -1 -1 1 1

Chamber 719:
0 0 0 1 0
0 -1 0 1 0
0 -1 1 1 0
1 -1 1 1 1
-1 -1 1 1 1

Chamber 720:
0 0 0 1 0
0 -1 0 1 0
0 -1 1 1 0
-1 -1 1 1 -1
1 -1 1 1 -1

Chamber 721:
0 0 0 1 0
0 0 1 1 0
0 -1 1 1 0
-1 -1 1 1 -1
-1 -1 1 1 1

Chamber 722:
0 0 0 1 0
0 0 -1 1 0
0 1 -1 1 0
-1 1 -1 1 -1
-1 1 -1 1 1

Chamber 723:
0 0 0 1 0
0 0 0 1 1
0 0 1 1 1
-1 1 1 1 1
-1 -1 1 1 1

Chamber 724:
0 0 0 1 0
0 0 0 1 -1
0 0 1 1 -1
-1 -1 1 1 -1
-1 1 1 1 -1

Chamber 725:
0 0 0 1 0
0 -1 0 1 0
0 -1 0 1 -1
-1 -1 1 1 -1
-1 -1 -1 1 -1

Chamber 726:
0 0 0 1 0
0 -1 0 1 0
0 -1 0 1 1
-1 -1 -1 1 1
-1 -1 1 1 1

Chamber 727:
0 0 0 0 -1
0 -1 0 0 -1
0 -1 1 0 -1
-1 -1 1 1 -1
-1 -1 1 -1 -1

Chamber 728:
0 0 0 0 1
0 -1 0 0 1
0 -1 1 0 1
-1 -1 1 -1 1
-1 -1 1 1 1

Chamber 729:
0 0 0 -1 0
0 -1 0 -1 0
0 -1 1 -1 0
1 -1 1 -1 -1
-1 -1 1 -1 -1

Chamber 730:
0 0 0 -1 0
0 -1 0 -1 0
0 -1 1 -1 0
-1 -1 1 -1 1
1 -1 1 -1 1

Chamber 731:
0 0 0 -1 0
0 0 1 -1 0
0 -1 1 -1 0
1 -1 1 -1 -1
1 -1 1 -1 1

Chamber 732:
0 0 0 -1 0
0 0 -1 -1 0
0 1 -1 -1 0
1 1 -1 -1 -1
1 1 -1 -1 1

Chamber 733:
0 0 0 -1 0
0 0 0 -1 1
0 0 1 -1 1
1 1 1 -1 1
1 -1 1 -1 1

Chamber 734:
0 0 0 -1 0
0 0 0 -1 -1
0 0 1 -1 -1
1 -1 1 -1 -1
1 1 1 -1 -1

Chamber 735:
0 0 0 -1 0
0 -1 0 -1 0
0 -1 0 -1 -1
1 -1 1 -1 -1
1 -1 -1 -1 -1

Chamber 736:
0 0 0 -1 0
0 -1 0 -1 0
0 -1 0 -1 1
1 -1 -1 -1 1
1 -1 1 -1 1

Chamber 737:
0 0 0 0 1
0 -1 0 0 1
0 -1 1 0 1
1 -1 1 1 1
1 -1 1 -1 1

Chamber 738:
0 0 0 0 -1
0 -1 0 0 -1
0 -1 1 0 -1
1 -1 1 -1 -1
1 -1 1 1 -1

Chamber 739:
0 0 0 0 1
0 0 1 0 1
0 -1 1 0 1
1 -1 1 1 1
-1 -1 1 1 1

Chamber 740:
0 0 0 0 1
0 0 -1 0 1
0 1 -1 0 1
1 1 -1 1 1
-1 1 -1 1 1

Chamber 741:
0 0 0 0 1
0 0 0 1 1
0 0 1 1 1
1 -1 1 1 1
-1 -1 1 1 1

Chamber 742:
0 0 0 0 1
0 0 0 -1 1
0 0 1 -1 1
1 1 1 -1 1
-1 1 1 -1 1

Chamber 743:
0 0 0 0 1
0 -1 0 0 1
0 -1 0 -1 1
1 -1 -1 -1 1
-1 -1 -1 -1 1

Chamber 744:
0 0 0 0 1
0 -1 0 0 1
0 -1 0 1 1
1 -1 1 1 1
-1 -1 1 1 1

Chamber 745:
0 0 0 0 -1
0 0 1 0 -1
0 -1 1 0 -1
-1 -1 1 1 -1
1 -1 1 1 -1

Chamber 746:
0 0 0 0 -1
0 0 -1 0 -1
0 1 -1 0 -1
-1 1 -1 1 -1
1 1 -1 1 -1

Chamber 747:
0 0 0 0 -1
0 0 0 1 -1
0 0 1 1 -1
-1 -1 1 1 -1
1 -1 1 1 -1

Chamber 748:
0 0 0 0 -1
0 0 0 -1 -1
0 0 1 -1 -1
-1 1 1 -1 -1
1 1 1 -1 -1

Chamber 749:
0 0 0 0 -1
0 -1 0 0 -1
0 -1 0 -1 -1
-1 -1 -1 -1 -1
1 -1 -1 -1 -1

Chamber 750:
0 0 0 0 -1
0 -1 0 0 -1
0 -1 0 1 -1
-1 -1 1 1 -1
1 -1 1 1 -1

Chamber 751:
-1 0 0 0 0
-1 0 1 0 0
-1 0 1 1 0
-1 -1 1 1 -1
-1 -1 1 1 1

Chamber 752:
-1 0 0 0 0
-1 0 1 0 0
-1 0 1 -1 0
-1 1 1 -1 -1
-1 1 1 -1 1

Chamber 753:
-1 0 0 0 0
-1 0 1 0 0
-1 0 1 0 1
-1 1 1 1 1
-1 -1 1 1 1

Chamber 754:
-1 0 0 0 0
-1 0 1 0 0
-1 0 1 0 -1
-1 -1 1 1 -1
-1 1 1 1 -1

Chamber 755:
-1 0 0 0 0
-1 0 0 -1 0
-1 -1 0 -1 0
-1 -1 -1 -1 -1
-1 -1 -1 -1 1

Chamber 756:
-1 0 0 0 0
-1 0 0 1 0
-1 -1 0 1 0
-1 -1 1 1 -1
-1 -1 1 1 1

Chamber 757:
-1 0 0 0 0
-1 0 0 0 -1
-1 -1 0 0 -1
-1 -1 1 1 -1
-1 -1 -1 1 -1

Chamber 758:
-1 0 0 0 0
-1 0 0 0 1
-1 -1 0 0 1
-1 -1 -1 1 1
-1 -1 1 1 1

Chamber 759:
-1 0 0 0 0
-1 0 1 0 0
-1 -1 1 0 0
-1 -1 1 1 -1
-1 -1 1 -1 -1

Chamber 760:
-1 0 0 0 0
-1 0 1 0 0
-1 -1 1 0 0
-1 -1 1 -1 1
-1 -1 1 1 1

Chamber 761:
-1 0 0 0 0
-1 0 -1 0 0
-1 0 -1 -1 0
-1 -1 -1 -1 -1
-1 -1 -1 -1 1

Chamber 762:
-1 0 0 0 0
-1 0 -1 0 0
-1 0 -1 1 0
-1 1 -1 1 -1
-1 1 -1 1 1

Chamber 763:
-1 0 0 0 0
-1 0 -1 0 0
-1 0 -1 0 -1
-1 1 -1 1 -1
-1 -1 -1 1 -1

Chamber 764:
-1 0 0 0 0
-1 0 -1 0 0
-1 0 -1 0 1
-1 -1 -1 1 1
-1 1 -1 1 1

Chamber 765:
-1 0 0 0 0
-1 0 0 1 0
-1 1 0 1 0
-1 1 -1 1 -1
-1 1 -1 1 1

Chamber 766:
-1 0 0 0 0
-1 0 0 -1 0
-1 1 0 -1 0
-1 1 1 -1 -1
-1 1 1 -1 1

Chamber 767:
-1 0 0 0 0
-1 0 0 0 1
-1 1 0 0 1
-1 1 1 1 1
-1 1 -1 1 1

Chamber 768:
-1 0 0 0 0
-1 0 0 0 -1
-1 1 0 0 -1
-1 1 -1 1 -1
-1 1 1 1 -1

Chamber 769:
-1 0 0 0 0
-1 0 -1 0 0
-1 1 -1 0 0
-1 1 -1 1 -1
-1 1 -1 -1 -1

Chamber 770:
-1 0 0 0 0
-1 0 -1 0 0
-1 1 -1 0 0
-1 1 -1 -1 1
-1 1 -1 1 1

Chamber 771:
-1 0 0 0 0
-1 0 0 1 0
-1 0 1 1 0
-1 1 1 1 1
-1 -1 1 1 1

Chamber 772:
-1 0 0 0 0
-1 0 0 1 0
-1 0 1 1 0
-1 -1 1 1 -1
-1 1 1 1 -1

Chamber 773:
-1 0 0 0 0
-1 0 0 1 0
-1 0 0 1 -1
-1 -1 1 1 -1
-1 -1 -1 1 -1

Chamber 774:
-1 0 0 0 0
-1 0 0 1 0
-1 0 0 1 1
-1 -1 -1 1 1
-1 -1 1 1 1

Chamber 775:
-1 0 0 0 0
-1 0 0 0 -1
-1 0 1 0 -1
-1 -1 1 1 -1
-1 -1 1 -1 -1

Chamber 776:
-1 0 0 0 0
-1 0 0 0 1
-1 0 1 0 1
-1 -1 1 -1 1
-1 -1 1 1 1

Chamber 777:
-1 0 0 0 0
-1 0 0 -1 0
-1 0 1 -1 0
-1 1 1 -1 -1
-1 -1 1 -1 -1

Chamber 778:
-1 0 0 0 0
-1 0 0 -1 0
-1 0 1 -1 0
-1 -1 1 -1 1
-1 1 1 -1 1

Chamber 779:
-1 0 0 0 0
-1 0 0 -1 0
-1 0 0 -1 -1
-1 1 1 -1 -1
-1 1 -1 -1 -1

Chamber 780:
-1 0 0 0 0
-1 0 0 -1 0
-1 0 0 -1 1
-1 1 -1 -1 1
-1 1 1 -1 1

Chamber 781:
-1 0 0 0 0
-1 0 0 0 1
-1 0 1 0 1
-1 1 1 1 1
-1 1 1 -1 1

Chamber 782:
-1 0 0 0 0
-1 0 0 0 -1
-1 0 1 0 -1
-1 1 1 -1 -1
-1 1 1 1 -1

Chamber 783:
-1 0 0 0 0
-1 0 0 0 1
-1 0 0 -1 1
-1 1 -1 -1 1
-1 -1 -1 -1 1

Chamber 784:
-1 0 0 0 0
-1 0 0 0 1
-1 0 0 1 1
-1 1 1 1 1
-1 -1 1 1 1

Chamber 785:
-1 0 0 0 0
-1 0 0 0 -1
-1 0 0 -1 -1
-1 -1 -1 -1 -1
-1 1 -1 -1 -1

Chamber 786:
-1 0 0 0 0
-1 0 0 0 -1
-1 0 0 1 -1
-1 -1 1 1 -1
-1 1 1 1 -1

Chamber 787:
-1 0 0 0 0
-1 -1 0 0 0
-1 -1 -1 0 0
-1 -1 -1 -1 -1
-1 -1 -1 -1 1

Chamber 788:
-1 0 0 0 0
-1 -1 0 0 0
-1 -1 0 -1 0
-1 -1 1 -1 1
-1 -1 -1 -1 1

Chamber 789:
-1 0 0 0 0
-1 -1 0 0 0
-1 -1 0 -1 0
-1 -1 -1 -1 -1
-1 -1 1 -1 -1

Chamber 790:
-1 0 0 0 0
-1 -1 0 0 0
-1 -1 0 0 1
-1 -1 -1 1 1
-1 -1 -1 -1 1

Chamber 791:
-1 0 0 0 0
-1 -1 0 0 0
-1 -1 0 0 -1
-1 -1 -1 -1 -1
-1 -1 -1 1 -1

Chamber 792:
-1 0 0 0 0
-1 -1 0 0 0
-1 -1 0 1 0
-1 -1 1 1 -1
-1 -1 -1 1 -1

Chamber 793:
-1 0 0 0 0
-1 -1 0 0 0
-1 -1 0 1 0
-1 -1 -1 1 1
-1 -1 1 1 1

Chamber 794:
-1 0 0 0 0
-1 -1 0 0 0
-1 -1 0 0 -1
-1 -1 1 1 -1
-1 -1 1 -1 -1

Chamber 795:
-1 0 0 0 0
-1 -1 0 0 0
-1 -1 0 0 1
-1 -1 1 -1 1
-1 -1 1 1 1

Chamber 796:
-1 0 0 0 0
-1 -1 0 0 0
-1 -1 -1 0 0
-1 -1 -1 1 1
-1 -1 -1 1 -1

Chamber 797:
-1 0 0 0 0
-1 -1 0 0 0
-1 -1 1 0 0
-1 -1 1 -1 1
-1 -1 1 -1 -1

Chamber 798:
0 -1 0 0 0
0 -1 0 -1 0
0 -1 -1 -1 0
-1 -1 -1 -1 -1
-1 -1 -1 -1 1

Chamber 799:
0 -1 0 0 0
0 -1 0 1 0
0 -1 -1 1 0
1 -1 -1 1 -1
1 -1 -1 1 1

Chamber 800:
0 -1 0 0 0
0 -1 0 0 -1
0 -1 -1 0 -1
1 -1 -1 1 -1
-1 -1 -1 1 -1

Chamber 801:
0 -1 0 0 0
0 -1 0 0 1
0 -1 -1 0 1
-1 -1 -1 1 1
1 -1 -1 1 1

Chamber 802:
0 0 0 1 0
1 0 0 1 0
1 0 -1 1 0
1 -1 -1 1 -1
1 -1 -1 1 1

Chamber 803:
0 0 0 -1 0
1 0 0 -1 0
1 0 -1 -1 0
1 1 -1 -1 -1
1 1 -1 -1 1

Chamber 804:
0 0 0 0 1
1 0 0 0 1
1 0 -1 0 1
1 1 -1 1 1
1 -1 -1 1 1

Chamber 805:
0 0 0 0 -1
1 0 0 0 -1
1 0 -1 0 -1
1 -1 -1 1 -1
1 1 -1 1 -1

Chamber 806:
0 -1 0 0 0
1 -1 0 0 0
1 -1 0 1 0
1 -1 -1 1 -1
1 -1 -1 1 1

Chamber 807:
0 -1 0 0 0
1 -1 0 0 0
1 -1 0 -1 0
1 -1 1 -1 -1
1 -1 1 -1 1

Chamber 808:
0 -1 0 0 0
1 -1 0 0 0
1 -1 0 0 1
1 -1 1 1 1
1 -1 -1 1 1

Chamber 809:
0 -1 0 0 0
1 -1 0 0 0
1 -1 0 0 -1
1 -1 -1 1 -1
1 -1 1 1 -1

Chamber 810:
0 -1 0 0 0
1 -1 0 0 0
1 -1 -1 0 0
1 -1 -1 1 -1
1 -1 -1 -1 -1

Chamber 811:
0 -1 0 0 0
1 -1 0 0 0
1 -1 -1 0 0
1 -1 -1 -1 1
1 -1 -1 1 1

Chamber 812:
0 -1 0 0 0
0 -1 1 0 0
1 -1 1 0 0
1 -1 1 -1 -1
1 -1 1 -1 1

Chamber 813:
0 -1 0 0 0
0 -1 1 0 0
0 -1 1 1 0
1 -1 1 1 1
-1 -1 1 1 1

Chamber 814:
0 -1 0 0 0
0 -1 1 0 0
0 -1 1 1 0
-1 -1 1 1 -1
1 -1 1 1 -1

Chamber 815:
0 0 0 0 1
0 0 1 0 1
0 0 1 1 1
-1 1 1 1 1
-1 -1 1 1 1

Chamber 816:
0 0 0 0 -1
0 0 1 0 -1
0 0 1 1 -1
-1 -1 1 1 -1
-1 1 1 1 -1

Chamber 817:
0 -1 0 0 0
0 -1 0 0 -1
0 -1 0 1 -1
-1 -1 1 1 -1
-1 -1 -1 1 -1

Chamber 818:
0 -1 0 0 0
0 -1 0 0 1
0 -1 0 1 1
-1 -1 -1 1 1
-1 -1 1 1 1

Chamber 819:
0 -1 0 0 0
0 -1 1 0 0
0 -1 1 0 -1
-1 -1 1 1 -1
-1 -1 1 -1 -1

Chamber 820:
0 -1 0 0 0
0 -1 1 0 0
0 -1 1 0 1
-1 -1 1 -1 1
-1 -1 1 1 1

Chamber 821:
0 -1 0 0 0
0 -1 1 0 0
0 -1 1 -1 0
1 -1 1 -1 -1
-1 -1 1 -1 -1

Chamber 822:
0 -1 0 0 0
0 -1 1 0 0
0 -1 1 -1 0
-1 -1 1 -1 1
1 -1 1 -1 1

Chamber 823:
0 0 0 0 1
0 0 1 0 1
0 0 1 -1 1
1 1 1 -1 1
1 -1 1 -1 1

Chamber 824:
0 0 0 0 -1
0 0 1 0 -1
0 0 1 -1 -1
1 -1 1 -1 -1
1 1 1 -1 -1

Chamber 825:
0 -1 0 0 0
0 -1 0 0 -1
0 -1 0 -1 -1
1 -1 1 -1 -1
1 -1 -1 -1 -1

Chamber 826:
0 -1 0 0 0
0 -1 0 0 1
0 -1 0 -1 1
1 -1 -1 -1 1
1 -1 1 -1 1

Chamber 827:
0 -1 0 0 0
0 -1 1 0 0
0 -1 1 0 1
1 -1 1 1 1
1 -1 1 -1 1

Chamber 828:
0 -1 0 0 0
0 -1 1 0 0
0 -1 1 0 -1
1 -1 1 -1 -1
1 -1 1 1 -1

Chamber 829:
0 -1 0 0 0
0 -1 1 0 0
1 -1 1 0 0
1 -1 1 1 1
1 -1 1 1 -1

Chamber 830:
0 0 0 1 0
0 0 1 1 0
0 0 1 1 1
1 -1 1 1 1
-1 -1 1 1 1

Chamber 831:
0 0 0 -1 0
0 0 1 -1 0
0 0 1 -1 1
1 1 1 -1 1
-1 1 1 -1 1

Chamber 832:
0 -1 0 0 0
0 -1 0 -1 0
0 -1 0 -1 1
1 -1 -1 -1 1
-1 -1 -1 -1 1

Chamber 833:
0 -1 0 0 0
0 -1 0 1 0
0 -1 0 1 1
1 -1 1 1 1
-1 -1 1 1 1

Chamber 834:
0 0 0 1 0
0 0 1 1 0
0 0 1 1 -1
-1 -1 1 1 -1
1 -1 1 1 -1

Chamber 835:
0 0 0 -1 0
0 0 1 -1 0
0 0 1 -1 -1
-1 1 1 -1 -1
1 1 1 -1 -1

Chamber 836:
0 -1 0 0 0
0 -1 0 -1 0
0 -1 0 -1 -1
-1 -1 -1 -1 -1
1 -1 -1 -1 -1

Chamber 837:
0 -1 0 0 0
0 -1 0 1 0
0 -1 0 1 -1
-1 -1 1 1 -1
1 -1 1 1 -1

Chamber 838:
0 1 0 0 0
0 1 1 0 0
-1 1 1 0 0
-1 1 1 -1 -1
-1 1 1 -1 1

Chamber 839:
0 0 0 1 0
0 0 1 1 0
-1 0 1 1 0
-1 1 1 1 1
-1 -1 1 1 1

Chamber 840:
0 0 0 1 0
0 0 1 1 0
-1 0 1 1 0
-1 -1 1 1 -1
-1 1 1 1 -1

Chamber 841:
0 0 0 1 0
0 0 0 1 -1
-1 0 0 1 -1
-1 -1 1 1 -1
-1 -1 -1 1 -1

Chamber 842:
0 0 0 1 0
0 0 0 1 1
-1 0 0 1 1
-1 -1 -1 1 1
-1 -1 1 1 1

Chamber 843:
0 0 0 0 -1
0 0 1 0 -1
-1 0 1 0 -1
-1 -1 1 1 -1
-1 -1 1 -1 -1

Chamber 844:
0 0 0 0 1
0 0 1 0 1
-1 0 1 0 1
-1 -1 1 -1 1
-1 -1 1 1 1

Chamber 845:
0 0 0 -1 0
0 0 1 -1 0
-1 0 1 -1 0
-1 1 1 -1 -1
-1 -1 1 -1 -1

Chamber 846:
0 0 0 -1 0
0 0 1 -1 0
-1 0 1 -1 0
-1 -1 1 -1 1
-1 1 1 -1 1

Chamber 847:
0 0 0 -1 0
0 0 0 -1 -1
-1 0 0 -1 -1
-1 1 1 -1 -1
-1 1 -1 -1 -1

Chamber 848:
0 0 0 -1 0
0 0 0 -1 1
-1 0 0 -1 1
-1 1 -1 -1 1
-1 1 1 -1 1

Chamber 849:
0 0 0 0 1
0 0 1 0 1
-1 0 1 0 1
-1 1 1 1 1
-1 1 1 -1 1

Chamber 850:
0 0 0 0 -1
0 0 1 0 -1
-1 0 1 0 -1
-1 1 1 -1 -1
-1 1 1 1 -1

Chamber 851:
0 1 0 0 0
0 1 1 0 0
-1 1 1 0 0
-1 1 1 1 1
-1 1 1 1 -1

Chamber 852:
0 0 0 0 1
0 0 0 -1 1
-1 0 0 -1 1
-1 1 -1 -1 1
-1 -1 -1 -1 1

Chamber 853:
0 0 0 0 1
0 0 0 1 1
-1 0 0 1 1
-1 1 1 1 1
-1 -1 1 1 1

Chamber 854:
0 0 0 0 -1
0 0 0 -1 -1
-1 0 0 -1 -1
-1 -1 -1 -1 -1
-1 1 -1 -1 -1

Chamber 855:
0 0 0 0 -1
0 0 0 1 -1
-1 0 0 1 -1
-1 -1 1 1 -1
-1 1 1 1 -1

Chamber 856:
0 -1 0 0 0
0 -1 -1 0 0
-1 -1 -1 0 0
-1 -1 -1 -1 -1
-1 -1 -1 -1 1

Chamber 857:
0 -1 0 0 0
0 -1 0 -1 0
-1 -1 0 -1 0
-1 -1 1 -1 1
-1 -1 -1 -1 1

Chamber 858:
0 -1 0 0 0
0 -1 0 -1 0
-1 -1 0 -1 0
-1 -1 -1 -1 -1
-1 -1 1 -1 -1

Chamber 859:
0 -1 0 0 0
0 -1 0 0 1
-1 -1 0 0 1
-1 -1 -1 1 1
-1 -1 -1 -1 1

Chamber 860:
0 -1 0 0 0
0 -1 0 0 -1
-1 -1 0 0 -1
-1 -1 -1 -1 -1
-1 -1 -1 1 -1

Chamber 861:
0 -1 0 0 0
0 -1 0 1 0
-1 -1 0 1 0
-1 -1 1 1 -1
-1 -1 -1 1 -1

Chamber 862:
0 -1 0 0 0
0 -1 0 1 0
-1 -1 0 1 0
-1 -1 -1 1 1
-1 -1 1 1 1

Chamber 863:
0 -1 0 0 0
0 -1 0 0 -1
-1 -1 0 0 -1
-1 -1 1 1 -1
-1 -1 1 -1 -1

Chamber 864:
0 -1 0 0 0
0 -1 0 0 1
-1 -1 0 0 1
-1 -1 1 -1 1
-1 -1 1 1 1

Chamber 865:
0 -1 0 0 0
0 -1 -1 0 0
-1 -1 -1 0 0
-1 -1 -1 1 1
-1 -1 -1 1 -1

Chamber 866:
0 -1 0 0 0
0 -1 1 0 0
-1 -1 1 0 0
-1 -1 1 -1 1
-1 -1 1 -1 -1

Chamber 867:
0 -1 0 0 0
0 -1 -1 0 0
0 -1 -1 -1 0
1 -1 -1 -1 1
-1 -1 -1 -1 1

Chamber 868:
0 -1 0 0 0
0 -1 -1 0 0
0 -1 -1 -1 0
-1 -1 -1 -1 -1
1 -1 -1 -1 -1

Chamber 869:
0 0 0 0 1
0 0 -1 0 1
0 0 -1 -1 1
-1 1 -1 -1 1
-1 -1 -1 -1 1

Chamber 870:
0 0 0 0 -1
0 0 -1 0 -1
0 0 -1 -1 -1
-1 -1 -1 -1 -1
-1 1 -1 -1 -1

Chamber 871:
0 -1 0 0 0
0 -1 0 0 1
0 -1 0 -1 1
-1 -1 1 -1 1
-1 -1 -1 -1 1

Chamber 872:
0 -1 0 0 0
0 -1 0 0 -1
0 -1 0 -1 -1
-1 -1 -1 -1 -1
-1 -1 1 -1 -1

Chamber 873:
0 -1 0 0 0
0 -1 -1 0 0
0 -1 -1 0 1
-1 -1 -1 1 1
-1 -1 -1 -1 1

Chamber 874:
0 -1 0 0 0
0 -1 -1 0 0
0 -1 -1 0 -1
-1 -1 -1 -1 -1
-1 -1 -1 1 -1

Chamber 875:
0 -1 0 0 0
0 -1 -1 0 0
0 -1 -1 1 0
1 -1 -1 1 -1
-1 -1 -1 1 -1

Chamber 876:
0 -1 0 0 0
0 -1 -1 0 0
0 -1 -1 1 0
-1 -1 -1 1 1
1 -1 -1 1 1

Chamber 877:
0 0 0 0 1
0 0 -1 0 1
0 0 -1 1 1
1 1 -1 1 1
1 -1 -1 1 1

Chamber 878:
0 0 0 0 -1
0 0 -1 0 -1
0 0 -1 1 -1
1 -1 -1 1 -1
1 1 -1 1 -1

Chamber 879:
0 -1 0 0 0
0 -1 0 0 1
0 -1 0 1 1
1 -1 1 1 1
1 -1 -1 1 1

Chamber 880:
0 -1 0 0 0
0 -1 0 0 -1
0 -1 0 1 -1
1 -1 -1 1 -1
1 -1 1 1 -1

Chamber 881:
0 -1 0 0 0
0 -1 -1 0 0
0 -1 -1 0 -1
1 -1 -1 1 -1
1 -1 -1 -1 -1

Chamber 882:
0 -1 0 0 0
0 -1 -1 0 0
0 -1 -1 0 1
1 -1 -1 -1 1
1 -1 -1 1 1

Chamber 883:
0 0 0 1 0
0 0 -1 1 0
0 0 -1 1 -1
1 -1 -1 1 -1
-1 -1 -1 1 -1

Chamber 884:
0 0 0 -1 0
0 0 -1 -1 0
0 0 -1 -1 -1
1 1 -1 -1 -1
-1 1 -1 -1 -1

Chamber 885:
0 -1 0 0 0
0 -1 0 1 0
0 -1 0 1 -1
1 -1 -1 1 -1
-1 -1 -1 1 -1

Chamber 886:
0 -1 0 0 0
0 -1 0 -1 0
0 -1 0 -1 -1
1 -1 1 -1 -1
-1 -1 1 -1 -1

Chamber 887:
0 0 0 1 0
0 0 -1 1 0
0 0 -1 1 1
-1 -1 -1 1 1
1 -1 -1 1 1

Chamber 888:
0 0 0 -1 0
0 0 -1 -1 0
0 0 -1 -1 1
-1 1 -1 -1 1
1 1 -1 -1 1

Chamber 889:
0 -1 0 0 0
0 -1 0 1 0
0 -1 0 1 1
-1 -1 -1 1 1
1 -1 -1 1 1

Chamber 890:
0 -1 0 0 0
0 -1 0 -1 0
0 -1 0 -1 1
-1 -1 1 -1 1
1 -1 1 -1 1

Chamber 891:
0 1 0 0 0
0 1 -1 0 0
1 1 -1 0 0
1 1 -1 -1 -1
1 1 -1 -1 1

Chamber 892:
0 0 0 1 0
0 0 -1 1 0
1 0 -1 1 0
1 1 -1 1 1
1 -1 -1 1 1

Chamber 893:
0 0 0 1 0
0 0 -1 1 0
1 0 -1 1 0
1 -1 -1 1 -1
1 1 -1 1 -1

Chamber 894:
0 0 0 1 0
0 0 0 1 1
1 0 0 1 1
1 -1 1 1 1
1 -1 -1 1 1

Chamber 895:
0 0 0 1 0
0 0 0 1 -1
1 0 0 1 -1
1 -1 -1 1 -1
1 -1 1 1 -1

Chamber 896:
0 0 0 0 -1
0 0 -1 0 -1
1 0 -1 0 -1
1 -1 -1 1 -1
1 -1 -1 -1 -1

Chamber 897:
0 0 0 0 1
0 0 -1 0 1
1 0 -1 0 1
1 -1 -1 -1 1
1 -1 -1 1 1

Chamber 898:
0 0 0 -1 0
0 0 -1 -1 0
1 0 -1 -1 0
1 1 -1 -1 -1
1 -1 -1 -1 -1

Chamber 899:
0 0 0 -1 0
0 0 -1 -1 0
1 0 -1 -1 0
1 -1 -1 -1 1
1 1 -1 -1 1

Chamber 900:
0 0 0 -1 0
0 0 0 -1 1
1 0 0 -1 1
1 1 1 -1 1
1 1 -1 -1 1

Chamber 901:
0 0 0 -1 0
0 0 0 -1 -1
1 0 0 -1 -1
1 1 -1 -1 -1
1 1 1 -1 -1

Chamber 902:
0 0 0 0 1
0 0 -1 0 1
1 0 -1 0 1
1 1 -1 1 1
1 1 -1 -1 1

Chamber 903:
0 0 0 0 -1
0 0 -1 0 -1
1 0 -1 0 -1
1 1 -1 -1 -1
1 1 -1 1 -1

Chamber 904:
0 1 0 0 0
0 1 -1 0 0
1 1 -1 0 0
1 1 -1 1 1
1 1 -1 1 -1

Chamber 905:
0 0 0 0 1
0 0 0 1 1
1 0 0 1 1
1 1 -1 1 1
1 -1 -1 1 1

Chamber 906:
0 0 0 0 1
0 0 0 -1 1
1 0 0 -1 1
1 1 1 -1 1
1 -1 1 -1 1

Chamber 907:
0 0 0 0 -1
0 0 0 1 -1
1 0 0 1 -1
1 -1 -1 1 -1
1 1 -1 1 -1

Chamber 908:
0 0 0 0 -1
0 0 0 -1 -1
1 0 0 -1 -1
1 -1 1 -1 -1
1 1 1 -1 -1

Chamber 909:
0 -1 0 0 0
0 -1 0 1 0
1 -1 0 1 0
1 -1 1 1 1
1 -1 -1 1 1

Chamber 910:
0 -1 0 0 0
0 -1 0 1 0
1 -1 0 1 0
1 -1 -1 1 -1
1 -1 1 1 -1

Chamber 911:
0 -1 0 0 0
0 -1 0 0 -1
1 -1 0 0 -1
1 -1 -1 1 -1
1 -1 -1 -1 -1

Chamber 912:
0 -1 0 0 0
0 -1 0 0 1
1 -1 0 0 1
1 -1 -1 -1 1
1 -1 -1 1 1

Chamber 913:
0 -1 0 0 0
0 -1 0 -1 0
1 -1 0 -1 0
1 -1 1 -1 -1
1 -1 -1 -1 -1

Chamber 914:
0 -1 0 0 0
0 -1 0 -1 0
1 -1 0 -1 0
1 -1 -1 -1 1
1 -1 1 -1 1

Chamber 915:
0 -1 0 0 0
0 -1 0 0 1
1 -1 0 0 1
1 -1 1 1 1
1 -1 1 -1 1

Chamber 916:
0 -1 0 0 0
0 -1 0 0 -1
1 -1 0 0 -1
1 -1 1 -1 -1
1 -1 1 1 -1

Chamber 917:
0 -1 0 0 0
0 -1 -1 0 0
1 -1 -1 0 0
1 -1 -1 -1 1
1 -1 -1 -1 -1

Chamber 918:
0 -1 0 0 0
0 -1 0 0 -1
0 -1 1 0 -1
1 -1 1 -1 -1
-1 -1 1 -1 -1

Chamber 919:
0 -1 0 0 0
0 -1 0 0 1
0 -1 1 0 1
-1 -1 1 -1 1
1 -1 1 -1 1

Chamber 920:
0 0 1 0 0
1 0 1 0 0
1 -1 1 0 0
1 -1 1 -1 -1
1 -1 1 -1 1

Chamber 921:
0 0 -1 0 0
1 0 -1 0 0
1 1 -1 0 0
1 1 -1 -1 -1
1 1 -1 -1 1

Chamber 922:
0 0 0 0 1
1 0 0 0 1
1 0 1 0 1
1 1 1 -1 1
1 -1 1 -1 1

Chamber 923:
0 0 0 0 -1
1 0 0 0 -1
1 0 1 0 -1
1 -1 1 -1 -1
1 1 1 -1 -1

Chamber 924:
0 -1 0 0 0
1 -1 0 0 0
1 -1 0 0 -1
1 -1 1 -1 -1
1 -1 -1 -1 -1

Chamber 925:
0 -1 0 0 0
1 -1 0 0 0
1 -1 0 0 1
1 -1 -1 -1 1
1 -1 1 -1 1

Chamber 926:
0 -1 0 0 0
1 -1 0 0 0
1 -1 1 0 0
1 -1 1 1 1
1 -1 1 -1 1

Chamber 927:
0 -1 0 0 0
1 -1 0 0 0
1 -1 1 0 0
1 -1 1 -1 -1
1 -1 1 1 -1

Chamber 928:
0 -1 0 0 0
0 -1 0 1 0
0 -1 1 1 0
1 -1 1 1 1
1 -1 1 1 -1

Chamber 929:
0 0 1 0 0
0 0 1 1 0
0 -1 1 1 0
1 -1 1 1 1
-1 -1 1 1 1

Chamber 930:
0 0 -1 0 0
0 0 -1 1 0
0 1 -1 1 0
1 1 -1 1 1
-1 1 -1 1 1

Chamber 931:
0 0 1 0 0
0 0 1 1 0
0 -1 1 1 0
-1 -1 1 1 -1
1 -1 1 1 -1

Chamber 932:
0 0 -1 0 0
0 0 -1 1 0
0 1 -1 1 0
-1 1 -1 1 -1
1 1 -1 1 -1

Chamber 933:
0 1 0 0 0
0 1 0 1 0
0 1 -1 1 0
-1 1 -1 1 -1
-1 1 -1 1 1

Chamber 934:
0 0 1 0 0
0 0 1 1 0
0 0 1 1 1
-1 1 1 1 1
-1 -1 1 1 1

Chamber 935:
0 0 1 0 0
0 0 1 1 0
0 0 1 1 -1
-1 -1 1 1 -1
-1 1 1 1 -1

Chamber 936:
0 0 0 0 -1
0 0 0 1 -1
0 -1 0 1 -1
-1 -1 1 1 -1
-1 -1 -1 1 -1

Chamber 937:
0 0 0 0 1
0 0 0 1 1
0 -1 0 1 1
-1 -1 -1 1 1
-1 -1 1 1 1

Chamber 938:
0 0 1 0 0
0 0 1 0 -1
0 -1 1 0 -1
-1 -1 1 1 -1
-1 -1 1 -1 -1

Chamber 939:
0 0 1 0 0
0 0 1 0 1
0 -1 1 0 1
-1 -1 1 -1 1
-1 -1 1 1 1

Chamber 940:
0 0 -1 0 0
0 0 -1 1 0
0 0 -1 1 -1
-1 1 -1 1 -1
-1 -1 -1 1 -1

Chamber 941:
0 0 -1 0 0
0 0 -1 1 0
0 0 -1 1 1
-1 -1 -1 1 1
-1 1 -1 1 1

Chamber 942:
0 0 0 0 1
0 0 0 1 1
0 1 0 1 1
-1 1 1 1 1
-1 1 -1 1 1

Chamber 943:
0 0 0 0 -1
0 0 0 1 -1
0 1 0 1 -1
-1 1 -1 1 -1
-1 1 1 1 -1

Chamber 944:
0 0 -1 0 0
0 0 -1 0 -1
0 1 -1 0 -1
-1 1 -1 1 -1
-1 1 -1 -1 -1

Chamber 945:
0 0 -1 0 0
0 0 -1 0 1
0 1 -1 0 1
-1 1 -1 -1 1
-1 1 -1 1 1

Chamber 946:
0 1 0 0 0
0 1 0 1 0
0 1 1 1 0
-1 1 1 1 1
-1 1 1 1 -1

Chamber 947:
0 -1 0 0 0
0 -1 0 1 0
0 -1 -1 1 0
-1 -1 -1 1 1
-1 -1 -1 1 -1

Chamber 948:
0 -1 0 0 0
0 -1 0 -1 0
0 -1 1 -1 0
-1 -1 1 -1 1
-1 -1 1 -1 -1

Chamber 949:
0 0 1 0 0
0 0 1 -1 0
0 -1 1 -1 0
1 -1 1 -1 -1
-1 -1 1 -1 -1

Chamber 950:
0 0 -1 0 0
0 0 -1 -1 0
0 1 -1 -1 0
1 1 -1 -1 -1
-1 1 -1 -1 -1

Chamber 951:
0 0 1 0 0
0 0 1 -1 0
0 -1 1 -1 0
-1 -1 1 -1 1
1 -1 1 -1 1

Chamber 952:
0 0 -1 0 0
0 0 -1 -1 0
0 1 -1 -1 0
-1 1 -1 -1 1
1 1 -1 -1 1

Chamber 953:
0 1 0 0 0
0 1 0 -1 0
0 1 -1 -1 0
1 1 -1 -1 -1
1 1 -1 -1 1

Chamber 954:
0 0 1 0 0
0 0 1 -1 0
0 0 1 -1 1
1 1 1 -1 1
1 -1 1 -1 1

Chamber 955:
0 0 1 0 0
0 0 1 -1 0
0 0 1 -1 -1
1 -1 1 -1 -1
1 1 1 -1 -1

Chamber 956:
0 0 0 0 -1
0 0 0 -1 -1
0 -1 0 -1 -1
1 -1 1 -1 -1
1 -1 -1 -1 -1

Chamber 957:
0 0 0 0 1
0 0 0 -1 1
0 -1 0 -1 1
1 -1 -1 -1 1
1 -1 1 -1 1

Chamber 958:
0 0 1 0 0
0 0 1 0 1
0 -1 1 0 1
1 -1 1 1 1
1 -1 1 -1 1

Chamber 959:
0 0 1 0 0
0 0 1 0 -1
0 -1 1 0 -1
1 -1 1 -1 -1
1 -1 1 1 -1

Chamber 960:
0 0 -1 0 0
0 0 -1 -1 0
0 0 -1 -1 -1
1 1 -1 -1 -1
1 -1 -1 -1 -1

Chamber 961:
0 0 -1 0 0
0 0 -1 -1 0
0 0 -1 -1 1
1 -1 -1 -1 1
1 1 -1 -1 1

Chamber 962:
0 0 0 0 1
0 0 0 -1 1
0 1 0 -1 1
1 1 1 -1 1
1 1 -1 -1 1

Chamber 963:
0 0 0 0 -1
0 0 0 -1 -1
0 1 0 -1 -1
1 1 -1 -1 -1
1 1 1 -1 -1

Chamber 964:
0 0 -1 0 0
0 0 -1 0 1
0 1 -1 0 1
1 1 -1 1 1
1 1 -1 -1 1

Chamber 965:
0 0 -1 0 0
0 0 -1 0 -1
0 1 -1 0 -1
1 1 -1 -1 -1
1 1 -1 1 -1

Chamber 966:
0 1 0 0 0
0 1 0 -1 0
0 1 1 -1 0
1 1 1 -1 1
1 1 1 -1 -1

Chamber 967:
0 -1 0 0 0
0 -1 0 -1 0
0 -1 -1 -1 0
1 -1 -1 -1 1
1 -1 -1 -1 -1

Chamber 968:
0 0 1 0 0
1 0 1 0 0
1 -1 1 0 0
1 -1 1 1 1
1 -1 1 1 -1

Chamber 969:
0 0 -1 0 0
1 0 -1 0 0
1 1 -1 0 0
1 1 -1 1 1
1 1 -1 1 -1

Chamber 970:
0 0 0 1 0
1 0 0 1 0
1 0 1 1 0
1 -1 1 1 1
1 -1 1 1 -1

Chamber 971:
0 0 0 -1 0
1 0 0 -1 0
1 0 1 -1 0
1 1 1 -1 1
1 1 1 -1 -1

Chamber 972:
0 -1 0 0 0
1 -1 0 0 0
1 -1 0 -1 0
1 -1 -1 -1 1
1 -1 -1 -1 -1

Chamber 973:
0 -1 0 0 0
1 -1 0 0 0
1 -1 0 1 0
1 -1 1 1 1
1 -1 1 1 -1

Chamber 974:
0 1 0 0 0
0 1 0 0 1
0 1 -1 0 1
1 1 -1 1 1
-1 1 -1 1 1

Chamber 975:
0 0 1 0 0
0 0 1 0 1
0 0 1 1 1
1 -1 1 1 1
-1 -1 1 1 1

Chamber 976:
0 0 1 0 0
0 0 1 0 1
0 0 1 -1 1
1 1 1 -1 1
-1 1 1 -1 1

Chamber 977:
0 0 0 -1 0
0 0 0 -1 1
0 -1 0 -1 1
1 -1 -1 -1 1
-1 -1 -1 -1 1

Chamber 978:
0 0 0 1 0
0 0 0 1 1
0 -1 0 1 1
1 -1 1 1 1
-1 -1 1 1 1

Chamber 979:
0 0 -1 0 0
0 0 -1 0 1
0 0 -1 -1 1
1 -1 -1 -1 1
-1 -1 -1 -1 1

Chamber 980:
0 0 -1 0 0
0 0 -1 0 1
0 0 -1 1 1
1 1 -1 1 1
-1 1 -1 1 1

Chamber 981:
0 0 0 1 0
0 0 0 1 1
0 1 0 1 1
1 1 -1 1 1
-1 1 -1 1 1

Chamber 982:
0 0 0 -1 0
0 0 0 -1 1
0 1 0 -1 1
1 1 1 -1 1
-1 1 1 -1 1

Chamber 983:
0 1 0 0 0
0 1 0 0 1
0 1 1 0 1
1 1 1 -1 1
-1 1 1 -1 1

Chamber 984:
0 -1 0 0 0
0 -1 0 0 1
0 -1 -1 0 1
1 -1 -1 -1 1
-1 -1 -1 -1 1

Chamber 985:
0 1 0 0 0
0 1 0 0 -1
0 1 -1 0 -1
-1 1 -1 1 -1
1 1 -1 1 -1

Chamber 986:
0 0 1 0 0
0 0 1 0 -1
0 0 1 1 -1
-1 -1 1 1 -1
1 -1 1 1 -1

Chamber 987:
0 0 1 0 0
0 0 1 0 -1
0 0 1 -1 -1
-1 1 1 -1 -1
1 1 1 -1 -1

Chamber 988:
0 0 0 -1 0
0 0 0 -1 -1
0 -1 0 -1 -1
-1 -1 -1 -1 -1
1 -1 -1 -1 -1

Chamber 989:
0 0 0 1 0
0 0 0 1 -1
0 -1 0 1 -1
-1 -1 1 1 -1
1 -1 1 1 -1

Chamber 990:
0 0 -1 0 0
0 0 -1 0 -1
0 0 -1 -1 -1
-1 -1 -1 -1 -1
1 -1 -1 -1 -1

Chamber 991:
0 0 -1 0 0
0 0 -1 0 -1
0 0 -1 1 -1
-1 1 -1 1 -1
1 1 -1 1 -1

Chamber 992:
0 0 0 1 0
0 0 0 1 -1
0 1 0 1 -1
-1 1 -1 1 -1
1 1 -1 1 -1

Chamber 993:
0 0 0 -1 0
0 0 0 -1 -1
0 1 0 -1 -1
-1 1 1 -1 -1
1 1 1 -1 -1

Chamber 994:
0 1 0 0 0
0 1 0 0 -1
0 1 1 0 -1
-1 1 1 -1 -1
1 1 1 -1 -1

Chamber 995:
0 -1 0 0 0
0 -1 0 0 -1
0 -1 -1 0 -1
-1 -1 -1 -1 -1
1 -1 -1 -1 -1

Chamber 996:
0 0 0 -1 0
-1 0 0 -1 0
-1 0 -1 -1 0
-1 -1 -1 -1 -1
-1 -1 -1 -1 1

Chamber 997:
0 0 0 1 0
-1 0 0 1 0
-1 0 -1 1 0
-1 1 -1 1 -1
-1 1 -1 1 1

Chamber 998:
0 0 0 0 -1
-1 0 0 0 -1
-1 0 -1 0 -1
-1 1 -1 1 -1
-1 -1 -1 1 -1

Chamber 999:
0 0 0 0 1
-1 0 0 0 1
-1 0 -1 0 1
-1 -1 -1 1 1
-1 1 -1 1 1

Chamber 1000:
0 1 0 0 0
-1 1 0 0 0
-1 1 0 1 0
-1 1 -1 1 -1
-1 1 -1 1 1

Chamber 1001:
0 1 0 0 0
-1 1 0 0 0
-1 1 0 -1 0
-1 1 1 -1 -1
-1 1 1 -1 1

Chamber 1002:
0 1 0 0 0
-1 1 0 0 0
-1 1 0 0 1
-1 1 1 1 1
-1 1 -1 1 1

Chamber 1003:
0 1 0 0 0
-1 1 0 0 0
-1 1 0 0 -1
-1 1 -1 1 -1
-1 1 1 1 -1

Chamber 1004:
0 1 0 0 0
-1 1 0 0 0
-1 1 -1 0 0
-1 1 -1 1 -1
-1 1 -1 -1 -1

Chamber 1005:
0 1 0 0 0
-1 1 0 0 0
-1 1 -1 0 0
-1 1 -1 -1 1
-1 1 -1 1 1

Chamber 1006:
0 0 1 0 0
-1 0 1 0 0
-1 1 1 0 0
-1 1 1 -1 -1
-1 1 1 -1 1

Chamber 1007:
0 0 1 0 0
-1 0 1 0 0
-1 0 1 1 0
-1 1 1 1 1
-1 -1 1 1 1

Chamber 1008:
0 0 1 0 0
-1 0 1 0 0
-1 0 1 1 0
-1 -1 1 1 -1
-1 1 1 1 -1

Chamber 1009:
0 0 0 0 -1
-1 0 0 0 -1
-1 0 0 1 -1
-1 -1 1 1 -1
-1 -1 -1 1 -1

Chamber 1010:
0 0 0 0 1
-1 0 0 0 1
-1 0 0 1 1
-1 -1 -1 1 1
-1 -1 1 1 1

Chamber 1011:
0 0 1 0 0
-1 0 1 0 0
-1 0 1 0 -1
-1 -1 1 1 -1
-1 -1 1 -1 -1

Chamber 1012:
0 0 1 0 0
-1 0 1 0 0
-1 0 1 0 1
-1 -1 1 -1 1
-1 -1 1 1 1

Chamber 1013:
0 0 1 0 0
-1 0 1 0 0
-1 0 1 -1 0
-1 1 1 -1 -1
-1 -1 1 -1 -1

Chamber 1014:
0 0 1 0 0
-1 0 1 0 0
-1 0 1 -1 0
-1 -1 1 -1 1
-1 1 1 -1 1

Chamber 1015:
0 0 0 0 -1
-1 0 0 0 -1
-1 0 0 -1 -1
-1 1 1 -1 -1
-1 1 -1 -1 -1

Chamber 1016:
0 0 0 0 1
-1 0 0 0 1
-1 0 0 -1 1
-1 1 -1 -1 1
-1 1 1 -1 1

Chamber 1017:
0 0 1 0 0
-1 0 1 0 0
-1 0 1 0 1
-1 1 1 1 1
-1 1 1 -1 1

Chamber 1018:
0 0 1 0 0
-1 0 1 0 0
-1 0 1 0 -1
-1 1 1 -1 -1
-1 1 1 1 -1

Chamber 1019:
0 0 1 0 0
-1 0 1 0 0
-1 1 1 0 0
-1 1 1 1 1
-1 1 1 1 -1

Chamber 1020:
0 0 0 -1 0
-1 0 0 -1 0
-1 0 0 -1 1
-1 1 -1 -1 1
-1 -1 -1 -1 1

Chamber 1021:
0 0 0 1 0
-1 0 0 1 0
-1 0 0 1 1
-1 1 1 1 1
-1 -1 1 1 1

Chamber 1022:
0 0 0 -1 0
-1 0 0 -1 0
-1 0 0 -1 -1
-1 -1 -1 -1 -1
-1 1 -1 -1 -1

Chamber 1023:
0 0 0 1 0
-1 0 0 1 0
-1 0 0 1 -1
-1 -1 1 1 -1
-1 1 1 1 -1

Chamber 1024:
0 0 -1 0 0
-1 0 -1 0 0
-1 -1 -1 0 0
-1 -1 -1 -1 -1
-1 -1 -1 -1 1

Chamber 1025:
0 0 0 -1 0
-1 0 0 -1 0
-1 -1 0 -1 0
-1 -1 1 -1 1
-1 -1 -1 -1 1

Chamber 1026:
0 0 0 -1 0
-1 0 0 -1 0
-1 -1 0 -1 0
-1 -1 -1 -1 -1
-1 -1 1 -1 -1

Chamber 1027:
0 0 0 0 1
-1 0 0 0 1
-1 -1 0 0 1
-1 -1 -1 1 1
-1 -1 -1 -1 1

Chamber 1028:
0 0 0 0 -1
-1 0 0 0 -1
-1 -1 0 0 -1
-1 -1 -1 -1 -1
-1 -1 -1 1 -1

Chamber 1029:
0 0 0 1 0
-1 0 0 1 0
-1 -1 0 1 0
-1 -1 1 1 -1
-1 -1 -1 1 -1

Chamber 1030:
0 0 0 1 0
-1 0 0 1 0
-1 -1 0 1 0
-1 -1 -1 1 1
-1 -1 1 1 1

Chamber 1031:
0 0 0 0 -1
-1 0 0 0 -1
-1 -1 0 0 -1
-1 -1 1 1 -1
-1 -1 1 -1 -1

Chamber 1032:
0 0 0 0 1
-1 0 0 0 1
-1 -1 0 0 1
-1 -1 1 -1 1
-1 -1 1 1 1

Chamber 1033:
0 0 -1 0 0
-1 0 -1 0 0
-1 -1 -1 0 0
-1 -1 -1 1 1
-1 -1 -1 1 -1

Chamber 1034:
0 0 1 0 0
-1 0 1 0 0
-1 -1 1 0 0
-1 -1 1 -1 1
-1 -1 1 -1 -1

Chamber 1035:
0 0 -1 0 0
-1 0 -1 0 0
-1 0 -1 -1 0
-1 1 -1 -1 1
-1 -1 -1 -1 1

Chamber 1036:
0 0 -1 0 0
-1 0 -1 0 0
-1 0 -1 -1 0
-1 -1 -1 -1 -1
-1 1 -1 -1 -1

Chamber 1037:
0 0 0 0 1
-1 0 0 0 1
-1 0 0 -1 1
-1 -1 1 -1 1
-1 -1 -1 -1 1

Chamber 1038:
0 0 0 0 -1
-1 0 0 0 -1
-1 0 0 -1 -1
-1 -1 -1 -1 -1
-1 -1 1 -1 -1

Chamber 1039:
0 0 -1 0 0
-1 0 -1 0 0
-1 0 -1 0 1
-1 -1 -1 1 1
-1 -1 -1 -1 1

Chamber 1040:
0 0 -1 0 0
-1 0 -1 0 0
-1 0 -1 0 -1
-1 -1 -1 -1 -1
-1 -1 -1 1 -1

Chamber 1041:
0 0 -1 0 0
-1 0 -1 0 0
-1 0 -1 1 0
-1 1 -1 1 -1
-1 -1 -1 1 -1

Chamber 1042:
0 0 -1 0 0
-1 0 -1 0 0
-1 0 -1 1 0
-1 -1 -1 1 1
-1 1 -1 1 1

Chamber 1043:
0 0 0 0 1
-1 0 0 0 1
-1 0 0 1 1
-1 1 1 1 1
-1 1 -1 1 1

Chamber 1044:
0 0 0 0 -1
-1 0 0 0 -1
-1 0 0 1 -1
-1 1 -1 1 -1
-1 1 1 1 -1

Chamber 1045:
0 0 -1 0 0
-1 0 -1 0 0
-1 0 -1 0 -1
-1 1 -1 1 -1
-1 1 -1 -1 -1

Chamber 1046:
0 0 -1 0 0
-1 0 -1 0 0
-1 0 -1 0 1
-1 1 -1 -1 1
-1 1 -1 1 1

Chamber 1047:
0 0 0 1 0
-1 0 0 1 0
-1 0 0 1 -1
-1 1 -1 1 -1
-1 -1 -1 1 -1

Chamber 1048:
0 0 0 -1 0
-1 0 0 -1 0
-1 0 0 -1 -1
-1 1 1 -1 -1
-1 -1 1 -1 -1

Chamber 1049:
0 0 0 1 0
-1 0 0 1 0
-1 0 0 1 1
-1 -1 -1 1 1
-1 1 -1 1 1

Chamber 1050:
0 0 0 -1 0
-1 0 0 -1 0
-1 0 0 -1 1
-1 -1 1 -1 1
-1 1 1 -1 1

Chamber 1051:
0 0 0 1 0
-1 0 0 1 0
-1 1 0 1 0
-1 1 1 1 1
-1 1 -1 1 1

Chamber 1052:
0 0 0 1 0
-1 0 0 1 0
-1 1 0 1 0
-1 1 -1 1 -1
-1 1 1 1 -1

Chamber 1053:
0 0 0 0 -1
-1 0 0 0 -1
-1 1 0 0 -1
-1 1 -1 1 -1
-1 1 -1 -1 -1

Chamber 1054:
0 0 0 0 1
-1 0 0 0 1
-1 1 0 0 1
-1 1 -1 -1 1
-1 1 -1 1 1

Chamber 1055:
0 0 0 -1 0
-1 0 0 -1 0
-1 1 0 -1 0
-1 1 1 -1 -1
-1 1 -1 -1 -1

Chamber 1056:
0 0 0 -1 0
-1 0 0 -1 0
-1 1 0 -1 0
-1 1 -1 -1 1
-1 1 1 -1 1

Chamber 1057:
0 0 0 0 1
-1 0 0 0 1
-1 1 0 0 1
-1 1 1 1 1
-1 1 1 -1 1

Chamber 1058:
0 0 0 0 -1
-1 0 0 0 -1
-1 1 0 0 -1
-1 1 1 -1 -1
-1 1 1 1 -1

Chamber 1059:
0 0 -1 0 0
-1 0 -1 0 0
-1 1 -1 0 0
-1 1 -1 -1 1
-1 1 -1 -1 -1

Chamber 1060:
0 0 0 0 -1
-1 0 0 0 -1
-1 0 1 0 -1
-1 1 1 -1 -1
-1 -1 1 -1 -1

Chamber 1061:
0 0 0 0 1
-1 0 0 0 1
-1 0 1 0 1
-1 -1 1 -1 1
-1 1 1 -1 1

Chamber 1062:
0 1 0 0 0
-1 1 0 0 0
-1 1 0 0 -1
-1 1 1 -1 -1
-1 1 -1 -1 -1

Chamber 1063:
0 1 0 0 0
-1 1 0 0 0
-1 1 0 0 1
-1 1 -1 -1 1
-1 1 1 -1 1

Chamber 1064:
0 1 0 0 0
-1 1 0 0 0
-1 1 1 0 0
-1 1 1 1 1
-1 1 1 -1 1

Chamber 1065:
0 1 0 0 0
-1 1 0 0 0
-1 1 1 0 0
-1 1 1 -1 -1
-1 1 1 1 -1

Chamber 1066:
0 0 0 1 0
-1 0 0 1 0
-1 0 1 1 0
-1 1 1 1 1
-1 1 1 1 -1

Chamber 1067:
0 0 0 1 0
-1 0 0 1 0
-1 0 -1 1 0
-1 -1 -1 1 1
-1 -1 -1 1 -1

Chamber 1068:
0 0 0 -1 0
-1 0 0 -1 0
-1 0 1 -1 0
-1 -1 1 -1 1
-1 -1 1 -1 -1

Chamber 1069:
0 0 0 -1 0
-1 0 0 -1 0
-1 0 -1 -1 0
-1 1 -1 -1 1
-1 1 -1 -1 -1

Chamber 1070:
0 1 0 0 0
-1 1 0 0 0
-1 1 0 -1 0
-1 1 -1 -1 1
-1 1 -1 -1 -1

Chamber 1071:
0 1 0 0 0
-1 1 0 0 0
-1 1 0 1 0
-1 1 1 1 1
-1 1 1 1 -1

Chamber 1072:
0 0 0 0 1
-1 0 0 0 1
-1 0 -1 0 1
-1 1 -1 -1 1
-1 -1 -1 -1 1

Chamber 1073:
0 0 0 0 -1
-1 0 0 0 -1
-1 0 -1 0 -1
-1 -1 -1 -1 -1
-1 1 -1 -1 -1

Chamber 1074:
0 -1 0 0 0
-1 -1 0 0 0
-1 -1 0 0 1
-1 -1 1 -1 1
-1 -1 -1 -1 1

Chamber 1075:
0 -1 0 0 0
-1 -1 0 0 0
-1 -1 0 0 -1
-1 -1 -1 -1 -1
-1 -1 1 -1 -1

Chamber 1076:
0 -1 0 0 0
-1 -1 0 0 0
-1 -1 -1 0 0
-1 -1 -1 1 1
-1 -1 -1 -1 1

Chamber 1077:
0 -1 0 0 0
-1 -1 0 0 0
-1 -1 -1 0 0
-1 -1 -1 -1 -1
-1 -1 -1 1 -1

Chamber 1078:
0 -1 0 0 0
-1 -1 0 0 0
-1 -1 0 -1 0
-1 -1 1 -1 1
-1 -1 1 -1 -1

Chamber 1079:
0 -1 0 0 0
-1 -1 0 0 0
-1 -1 0 1 0
-1 -1 -1 1 1
-1 -1 -1 1 -1

Chamber 1080:
0 1 0 0 0
0 1 -1 0 0
0 1 -1 1 0
1 1 -1 1 1
-1 1 -1 1 1

Chamber 1081:
0 1 0 0 0
0 1 -1 0 0
0 1 -1 1 0
-1 1 -1 1 -1
1 1 -1 1 -1

Chamber 1082:
0 0 0 0 -1
0 0 -1 0 -1
0 0 -1 1 -1
-1 1 -1 1 -1
-1 -1 -1 1 -1

Chamber 1083:
0 0 0 0 1
0 0 -1 0 1
0 0 -1 1 1
-1 -1 -1 1 1
-1 1 -1 1 1

Chamber 1084:
0 1 0 0 0
0 1 0 0 1
0 1 0 1 1
-1 1 1 1 1
-1 1 -1 1 1

Chamber 1085:
0 1 0 0 0
0 1 0 0 -1
0 1 0 1 -1
-1 1 -1 1 -1
-1 1 1 1 -1

Chamber 1086:
0 1 0 0 0
0 1 -1 0 0
0 1 -1 0 -1
-1 1 -1 1 -1
-1 1 -1 -1 -1

Chamber 1087:
0 1 0 0 0
0 1 -1 0 0
0 1 -1 0 1
-1 1 -1 -1 1
-1 1 -1 1 1

Chamber 1088:
0 1 0 0 0
0 1 -1 0 0
0 1 -1 -1 0
1 1 -1 -1 -1
-1 1 -1 -1 -1

Chamber 1089:
0 1 0 0 0
0 1 -1 0 0
0 1 -1 -1 0
-1 1 -1 -1 1
1 1 -1 -1 1

Chamber 1090:
0 0 0 0 -1
0 0 -1 0 -1
0 0 -1 -1 -1
1 1 -1 -1 -1
1 -1 -1 -1 -1

Chamber 1091:
0 0 0 0 1
0 0 -1 0 1
0 0 -1 -1 1
1 -1 -1 -1 1
1 1 -1 -1 1

Chamber 1092:
0 1 0 0 0
0 1 0 0 1
0 1 0 -1 1
1 1 1 -1 1
1 1 -1 -1 1

Chamber 1093:
0 1 0 0 0
0 1 0 0 -1
0 1 0 -1 -1
1 1 -1 -1 -1
1 1 1 -1 -1

Chamber 1094:
0 1 0 0 0
0 1 -1 0 0
0 1 -1 0 1
1 1 -1 1 1
1 1 -1 -1 1

Chamber 1095:
0 1 0 0 0
0 1 -1 0 0
0 1 -1 0 -1
1 1 -1 -1 -1
1 1 -1 1 -1

Chamber 1096:
0 0 0 -1 0
0 0 -1 -1 0
0 0 -1 -1 1
1 -1 -1 -1 1
-1 -1 -1 -1 1

Chamber 1097:
0 0 0 1 0
0 0 -1 1 0
0 0 -1 1 1
1 1 -1 1 1
-1 1 -1 1 1

Chamber 1098:
0 1 0 0 0
0 1 0 1 0
0 1 0 1 1
1 1 -1 1 1
-1 1 -1 1 1

Chamber 1099:
0 1 0 0 0
0 1 0 -1 0
0 1 0 -1 1
1 1 1 -1 1
-1 1 1 -1 1

Chamber 1100:
0 0 0 -1 0
0 0 -1 -1 0
0 0 -1 -1 -1
-1 -1 -1 -1 -1
1 -1 -1 -1 -1

Chamber 1101:
0 0 0 1 0
0 0 -1 1 0
0 0 -1 1 -1
-1 1 -1 1 -1
1 1 -1 1 -1

Chamber 1102:
0 1 0 0 0
0 1 0 1 0
0 1 0 1 -1
-1 1 -1 1 -1
1 1 -1 1 -1

Chamber 1103:
0 1 0 0 0
0 1 0 -1 0
0 1 0 -1 -1
-1 1 1 -1 -1
1 1 1 -1 -1

Chamber 1104:
0 0 0 -1 0
0 0 -1 -1 0
-1 0 -1 -1 0
-1 1 -1 -1 1
-1 -1 -1 -1 1

Chamber 1105:
0 0 0 -1 0
0 0 -1 -1 0
-1 0 -1 -1 0
-1 -1 -1 -1 -1
-1 1 -1 -1 -1

Chamber 1106:
0 0 0 -1 0
0 0 0 -1 1
-1 0 0 -1 1
-1 -1 1 -1 1
-1 -1 -1 -1 1

Chamber 1107:
0 0 0 -1 0
0 0 0 -1 -1
-1 0 0 -1 -1
-1 -1 -1 -1 -1
-1 -1 1 -1 -1

Chamber 1108:
0 0 0 0 1
0 0 -1 0 1
-1 0 -1 0 1
-1 -1 -1 1 1
-1 -1 -1 -1 1

Chamber 1109:
0 0 0 0 -1
0 0 -1 0 -1
-1 0 -1 0 -1
-1 -1 -1 -1 -1
-1 -1 -1 1 -1

Chamber 1110:
0 0 0 1 0
0 0 -1 1 0
-1 0 -1 1 0
-1 1 -1 1 -1
-1 -1 -1 1 -1

Chamber 1111:
0 0 0 1 0
0 0 -1 1 0
-1 0 -1 1 0
-1 -1 -1 1 1
-1 1 -1 1 1

Chamber 1112:
0 0 0 1 0
0 0 0 1 1
-1 0 0 1 1
-1 1 1 1 1
-1 1 -1 1 1

Chamber 1113:
0 0 0 1 0
0 0 0 1 -1
-1 0 0 1 -1
-1 1 -1 1 -1
-1 1 1 1 -1

Chamber 1114:
0 0 0 0 -1
0 0 -1 0 -1
-1 0 -1 0 -1
-1 1 -1 1 -1
-1 1 -1 -1 -1

Chamber 1115:
0 0 0 0 1
0 0 -1 0 1
-1 0 -1 0 1
-1 1 -1 -1 1
-1 1 -1 1 1

Chamber 1116:
0 0 0 0 -1
0 0 0 1 -1
-1 0 0 1 -1
-1 1 -1 1 -1
-1 -1 -1 1 -1

Chamber 1117:
0 0 0 0 -1
0 0 0 -1 -1
-1 0 0 -1 -1
-1 1 1 -1 -1
-1 -1 1 -1 -1

Chamber 1118:
0 0 0 0 1
0 0 0 1 1
-1 0 0 1 1
-1 -1 -1 1 1
-1 1 -1 1 1

Chamber 1119:
0 0 0 0 1
0 0 0 -1 1
-1 0 0 -1 1
-1 -1 1 -1 1
-1 1 1 -1 1

Chamber 1120:
0 1 0 0 0
0 1 0 1 0
-1 1 0 1 0
-1 1 1 1 1
-1 1 -1 1 1

Chamber 1121:
0 1 0 0 0
0 1 0 1 0
-1 1 0 1 0
-1 1 -1 1 -1
-1 1 1 1 -1

Chamber 1122:
0 1 0 0 0
0 1 0 0 -1
-1 1 0 0 -1
-1 1 -1 1 -1
-1 1 -1 -1 -1

Chamber 1123:
0 1 0 0 0
0 1 0 0 1
-1 1 0 0 1
-1 1 -1 -1 1
-1 1 -1 1 1

Chamber 1124:
0 1 0 0 0
0 1 0 -1 0
-1 1 0 -1 0
-1 1 1 -1 -1
-1 1 -1 -1 -1

Chamber 1125:
0 1 0 0 0
0 1 0 -1 0
-1 1 0 -1 0
-1 1 -1 -1 1
-1 1 1 -1 1

Chamber 1126:
0 1 0 0 0
0 1 0 0 1
-1 1 0 0 1
-1 1 1 1 1
-1 1 1 -1 1

Chamber 1127:
0 1 0 0 0
0 1 0 0 -1
-1 1 0 0 -1
-1 1 1 -1 -1
-1 1 1 1 -1

Chamber 1128:
0 1 0 0 0
0 1 -1 0 0
-1 1 -1 0 0
-1 1 -1 -1 1
-1 1 -1 -1 -1

Chamber 1129:
0 1 0 0 0
0 1 1 0 0
0 1 1 -1 0
1 1 1 -1 1
-1 1 1 -1 1

Chamber 1130:
0 1 0 0 0
0 1 1 0 0
0 1 1 -1 0
-1 1 1 -1 -1
1 1 1 -1 -1

Chamber 1131:
0 0 0 0 -1
0 0 1 0 -1
0 0 1 -1 -1
-1 1 1 -1 -1
-1 -1 1 -1 -1

Chamber 1132:
0 0 0 0 1
0 0 1 0 1
0 0 1 -1 1
-1 -1 1 -1 1
-1 1 1 -1 1

Chamber 1133:
0 1 0 0 0
0 1 0 0 -1
0 1 0 -1 -1
-1 1 1 -1 -1
-1 1 -1 -1 -1

Chamber 1134:
0 1 0 0 0
0 1 0 0 1
0 1 0 -1 1
-1 1 -1 -1 1
-1 1 1 -1 1

Chamber 1135:
0 1 0 0 0
0 1 1 0 0
0 1 1 0 1
-1 1 1 1 1
-1 1 1 -1 1

Chamber 1136:
0 1 0 0 0
0 1 1 0 0
0 1 1 0 -1
-1 1 1 -1 -1
-1 1 1 1 -1

Chamber 1137:
0 1 0 0 0
0 1 1 0 0
0 1 1 1 0
1 1 1 1 -1
-1 1 1 1 -1

Chamber 1138:
0 1 0 0 0
0 1 1 0 0
0 1 1 1 0
-1 1 1 1 1
1 1 1 1 1

Chamber 1139:
0 0 0 0 -1
0 0 1 0 -1
0 0 1 1 -1
1 1 1 1 -1
1 -1 1 1 -1

Chamber 1140:
0 0 0 0 1
0 0 1 0 1
0 0 1 1 1
1 -1 1 1 1
1 1 1 1 1

Chamber 1141:
0 1 0 0 0
0 1 0 0 -1
0 1 0 1 -1
1 1 1 1 -1
1 1 -1 1 -1

Chamber 1142:
0 1 0 0 0
0 1 0 0 1
0 1 0 1 1
1 1 -1 1 1
1 1 1 1 1

Chamber 1143:
0 1 0 0 0
0 1 1 0 0
0 1 1 0 -1
1 1 1 1 -1
1 1 1 -1 -1

Chamber 1144:
0 1 0 0 0
0 1 1 0 0
0 1 1 0 1
1 1 1 -1 1
1 1 1 1 1

Chamber 1145:
0 0 0 -1 0
0 0 1 -1 0
0 0 1 -1 -1
1 -1 1 -1 -1
-1 -1 1 -1 -1

Chamber 1146:
0 0 0 1 0
0 0 1 1 0
0 0 1 1 -1
1 1 1 1 -1
-1 1 1 1 -1

Chamber 1147:
0 1 0 0 0
0 1 0 -1 0
0 1 0 -1 -1
1 1 -1 -1 -1
-1 1 -1 -1 -1

Chamber 1148:
0 1 0 0 0
0 1 0 1 0
0 1 0 1 -1
1 1 1 1 -1
-1 1 1 1 -1

Chamber 1149:
0 0 0 -1 0
0 0 1 -1 0
0 0 1 -1 1
-1 -1 1 -1 1
1 -1 1 -1 1

Chamber 1150:
0 0 0 1 0
0 0 1 1 0
0 0 1 1 1
-1 1 1 1 1
1 1 1 1 1

Chamber 1151:
0 1 0 0 0
0 1 0 -1 0
0 1 0 -1 1
-1 1 -1 -1 1
1 1 -1 -1 1

Chamber 1152:
0 1 0 0 0
0 1 0 1 0
0 1 0 1 1
-1 1 1 1 1
1 1 1 1 1

Chamber 1153:
0 0 0 -1 0
0 0 1 -1 0
1 0 1 -1 0
1 1 1 -1 1
1 -1 1 -1 1

Chamber 1154:
0 0 0 -1 0
0 0 1 -1 0
1 0 1 -1 0
1 -1 1 -1 -1
1 1 1 -1 -1

Chamber 1155:
0 0 0 -1 0
0 0 0 -1 -1
1 0 0 -1 -1
1 -1 1 -1 -1
1 -1 -1 -1 -1

Chamber 1156:
0 0 0 -1 0
0 0 0 -1 1
1 0 0 -1 1
1 -1 -1 -1 1
1 -1 1 -1 1

Chamber 1157:
0 0 0 0 1
0 0 1 0 1
1 0 1 0 1
1 -1 1 1 1
1 -1 1 -1 1

Chamber 1158:
0 0 0 0 -1
0 0 1 0 -1
1 0 1 0 -1
1 -1 1 -1 -1
1 -1 1 1 -1

Chamber 1159:
0 0 0 1 0
0 0 1 1 0
1 0 1 1 0
1 1 1 1 -1
1 -1 1 1 -1

Chamber 1160:
0 0 0 1 0
0 0 1 1 0
1 0 1 1 0
1 -1 1 1 1
1 1 1 1 1

Chamber 1161:
0 0 0 1 0
0 0 0 1 -1
1 0 0 1 -1
1 1 1 1 -1
1 1 -1 1 -1

Chamber 1162:
0 0 0 1 0
0 0 0 1 1
1 0 0 1 1
1 1 -1 1 1
1 1 1 1 1

Chamber 1163:
0 0 0 0 -1
0 0 1 0 -1
1 0 1 0 -1
1 1 1 1 -1
1 1 1 -1 -1

Chamber 1164:
0 0 0 0 1
0 0 1 0 1
1 0 1 0 1
1 1 1 -1 1
1 1 1 1 1

Chamber 1165:
0 0 0 0 -1
0 0 0 -1 -1
1 0 0 -1 -1
1 1 -1 -1 -1
1 -1 -1 -1 -1

Chamber 1166:
0 0 0 0 -1
0 0 0 1 -1
1 0 0 1 -1
1 1 1 1 -1
1 -1 1 1 -1

Chamber 1167:
0 0 0 0 1
0 0 0 -1 1
1 0 0 -1 1
1 -1 -1 -1 1
1 1 -1 -1 1

Chamber 1168:
0 0 0 0 1
0 0 0 1 1
1 0 0 1 1
1 -1 1 1 1
1 1 1 1 1

Chamber 1169:
0 1 0 0 0
0 1 0 -1 0
1 1 0 -1 0
1 1 1 -1 1
1 1 -1 -1 1

Chamber 1170:
0 1 0 0 0
0 1 0 -1 0
1 1 0 -1 0
1 1 -1 -1 -1
1 1 1 -1 -1

Chamber 1171:
0 1 0 0 0
0 1 0 0 1
1 1 0 0 1
1 1 -1 1 1
1 1 -1 -1 1

Chamber 1172:
0 1 0 0 0
0 1 0 0 -1
1 1 0 0 -1
1 1 -1 -1 -1
1 1 -1 1 -1

Chamber 1173:
0 1 0 0 0
0 1 0 1 0
1 1 0 1 0
1 1 1 1 -1
1 1 -1 1 -1

Chamber 1174:
0 1 0 0 0
0 1 0 1 0
1 1 0 1 0
1 1 -1 1 1
1 1 1 1 1

Chamber 1175:
0 1 0 0 0
0 1 0 0 -1
1 1 0 0 -1
1 1 1 1 -1
1 1 1 -1 -1

Chamber 1176:
0 1 0 0 0
0 1 0 0 1
1 1 0 0 1
1 1 1 -1 1
1 1 1 1 1

Chamber 1177:
0 1 0 0 0
0 1 1 0 0
1 1 1 0 0
1 1 1 -1 1
1 1 1 -1 -1

Chamber 1178:
0 0 -1 0 0
0 0 -1 -1 0
0 -1 -1 -1 0
1 -1 -1 -1 1
-1 -1 -1 -1 1

Chamber 1179:
0 0 1 0 0
0 0 1 -1 0
0 1 1 -1 0
1 1 1 -1 1
-1 1 1 -1 1

Chamber 1180:
0 0 -1 0 0
0 0 -1 -1 0
0 -1 -1 -1 0
-1 -1 -1 -1 -1
1 -1 -1 -1 -1

Chamber 1181:
0 0 1 0 0
0 0 1 -1 0
0 1 1 -1 0
-1 1 1 -1 -1
1 1 1 -1 -1

Chamber 1182:
0 0 -1 0 0
0 0 -1 -1 0
0 0 -1 -1 1
-1 1 -1 -1 1
-1 -1 -1 -1 1

Chamber 1183:
0 0 -1 0 0
0 0 -1 -1 0
0 0 -1 -1 -1
-1 -1 -1 -1 -1
-1 1 -1 -1 -1

Chamber 1184:
0 0 0 0 1
0 0 0 -1 1
0 -1 0 -1 1
-1 -1 1 -1 1
-1 -1 -1 -1 1

Chamber 1185:
0 0 0 0 -1
0 0 0 -1 -1
0 -1 0 -1 -1
-1 -1 -1 -1 -1
-1 -1 1 -1 -1

Chamber 1186:
0 0 -1 0 0
0 0 -1 0 1
0 -1 -1 0 1
-1 -1 -1 1 1
-1 -1 -1 -1 1

Chamber 1187:
0 0 -1 0 0
0 0 -1 0 -1
0 -1 -1 0 -1
-1 -1 -1 -1 -1
-1 -1 -1 1 -1

Chamber 1188:
0 0 1 0 0
0 0 1 -1 0
0 0 1 -1 -1
-1 1 1 -1 -1
-1 -1 1 -1 -1

Chamber 1189:
0 0 1 0 0
0 0 1 -1 0
0 0 1 -1 1
-1 -1 1 -1 1
-1 1 1 -1 1

Chamber 1190:
0 0 0 0 -1
0 0 0 -1 -1
0 1 0 -1 -1
-1 1 1 -1 -1
-1 1 -1 -1 -1

Chamber 1191:
0 0 0 0 1
0 0 0 -1 1
0 1 0 -1 1
-1 1 -1 -1 1
-1 1 1 -1 1

Chamber 1192:
0 0 1 0 0
0 0 1 0 1
0 1 1 0 1
-1 1 1 1 1
-1 1 1 -1 1

Chamber 1193:
0 0 1 0 0
0 0 1 0 -1
0 1 1 0 -1
-1 1 1 -1 -1
-1 1 1 1 -1

Chamber 1194:
0 1 0 0 0
0 1 0 -1 0
0 1 -1 -1 0
-1 1 -1 -1 1
-1 1 -1 -1 -1

Chamber 1195:
0 0 -1 0 0
0 0 -1 1 0
0 -1 -1 1 0
1 -1 -1 1 -1
-1 -1 -1 1 -1

Chamber 1196:
0 0 1 0 0
0 0 1 1 0
0 1 1 1 0
1 1 1 1 -1
-1 1 1 1 -1

Chamber 1197:
0 0 -1 0 0
0 0 -1 1 0
0 -1 -1 1 0
-1 -1 -1 1 1
1 -1 -1 1 1

Chamber 1198:
0 0 1 0 0
0 0 1 1 0
0 1 1 1 0
-1 1 1 1 1
1 1 1 1 1

Chamber 1199:
0 0 -1 0 0
0 0 -1 1 0
0 0 -1 1 1
1 1 -1 1 1
1 -1 -1 1 1

Chamber 1200:
0 0 -1 0 0
0 0 -1 1 0
0 0 -1 1 -1
1 -1 -1 1 -1
1 1 -1 1 -1

Chamber 1201:
0 0 0 0 1
0 0 0 1 1
0 -1 0 1 1
1 -1 1 1 1
1 -1 -1 1 1

Chamber 1202:
0 0 0 0 -1
0 0 0 1 -1
0 -1 0 1 -1
1 -1 -1 1 -1
1 -1 1 1 -1

Chamber 1203:
0 0 -1 0 0
0 0 -1 0 -1
0 -1 -1 0 -1
1 -1 -1 1 -1
1 -1 -1 -1 -1

Chamber 1204:
0 0 -1 0 0
0 0 -1 0 1
0 -1 -1 0 1
1 -1 -1 -1 1
1 -1 -1 1 1

Chamber 1205:
0 0 1 0 0
0 0 1 1 0
0 0 1 1 -1
1 1 1 1 -1
1 -1 1 1 -1

Chamber 1206:
0 0 1 0 0
0 0 1 1 0
0 0 1 1 1
1 -1 1 1 1
1 1 1 1 1

Chamber 1207:
0 0 0 0 -1
0 0 0 1 -1
0 1 0 1 -1
1 1 1 1 -1
1 1 -1 1 -1

Chamber 1208:
0 0 0 0 1
0 0 0 1 1
0 1 0 1 1
1 1 -1 1 1
1 1 1 1 1

Chamber 1209:
0 0 1 0 0
0 0 1 0 -1
0 1 1 0 -1
1 1 1 1 -1
1 1 1 -1 -1

Chamber 1210:
0 0 1 0 0
0 0 1 0 1
0 1 1 0 1
1 1 1 -1 1
1 1 1 1 1

Chamber 1211:
0 1 0 0 0
0 1 0 1 0
0 1 -1 1 0
1 1 -1 1 1
1 1 -1 1 -1

Chamber 1212:
0 0 -1 0 0
0 0 -1 0 -1
0 0 -1 1 -1
1 -1 -1 1 -1
-1 -1 -1 1 -1

Chamber 1213:
0 0 -1 0 0
0 0 -1 0 -1
0 0 -1 -1 -1
1 1 -1 -1 -1
-1 1 -1 -1 -1

Chamber 1214:
0 0 0 1 0
0 0 0 1 -1
0 -1 0 1 -1
1 -1 -1 1 -1
-1 -1 -1 1 -1

Chamber 1215:
0 0 0 -1 0
0 0 0 -1 -1
0 -1 0 -1 -1
1 -1 1 -1 -1
-1 -1 1 -1 -1

Chamber 1216:
0 0 1 0 0
0 0 1 0 -1
0 0 1 -1 -1
1 -1 1 -1 -1
-1 -1 1 -1 -1

Chamber 1217:
0 0 1 0 0
0 0 1 0 -1
0 0 1 1 -1
1 1 1 1 -1
-1 1 1 1 -1

Chamber 1218:
0 0 0 -1 0
0 0 0 -1 -1
0 1 0 -1 -1
1 1 -1 -1 -1
-1 1 -1 -1 -1

Chamber 1219:
0 0 0 1 0
0 0 0 1 -1
0 1 0 1 -1
1 1 1 1 -1
-1 1 1 1 -1

Chamber 1220:
0 1 0 0 0
0 1 0 0 -1
0 1 -1 0 -1
1 1 -1 -1 -1
-1 1 -1 -1 -1

Chamber 1221:
0 0 -1 0 0
0 0 -1 0 1
0 0 -1 1 1
-1 -1 -1 1 1
1 -1 -1 1 1

Chamber 1222:
0 0 -1 0 0
0 0 -1 0 1
0 0 -1 -1 1
-1 1 -1 -1 1
1 1 -1 -1 1

Chamber 1223:
0 0 0 1 0
0 0 0 1 1
0 -1 0 1 1
-1 -1 -1 1 1
1 -1 -1 1 1

Chamber 1224:
0 0 0 -1 0
0 0 0 -1 1
0 -1 0 -1 1
-1 -1 1 -1 1
1 -1 1 -1 1

Chamber 1225:
0 0 1 0 0
0 0 1 0 1
0 0 1 -1 1
-1 -1 1 -1 1
1 -1 1 -1 1

Chamber 1226:
0 0 1 0 0
0 0 1 0 1
0 0 1 1 1
-1 1 1 1 1
1 1 1 1 1

Chamber 1227:
0 0 0 -1 0
0 0 0 -1 1
0 1 0 -1 1
-1 1 -1 -1 1
1 1 -1 -1 1

Chamber 1228:
0 0 0 1 0
0 0 0 1 1
0 1 0 1 1
-1 1 1 1 1
1 1 1 1 1

Chamber 1229:
0 1 0 0 0
0 1 0 0 1
0 1 -1 0 1
-1 1 -1 -1 1
1 1 -1 -1 1

Chamber 1230:
0 0 -1 0 0
1 0 -1 0 0
1 0 -1 1 0
1 1 -1 1 1
1 -1 -1 1 1

Chamber 1231:
0 0 -1 0 0
1 0 -1 0 0
1 0 -1 1 0
1 -1 -1 1 -1
1 1 -1 1 -1

Chamber 1232:
0 0 0 0 1
1 0 0 0 1
1 0 0 1 1
1 -1 1 1 1
1 -1 -1 1 1

Chamber 1233:
0 0 0 0 -1
1 0 0 0 -1
1 0 0 1 -1
1 -1 -1 1 -1
1 -1 1 1 -1

Chamber 1234:
0 0 -1 0 0
1 0 -1 0 0
1 0 -1 0 -1
1 -1 -1 1 -1
1 -1 -1 -1 -1

Chamber 1235:
0 0 -1 0 0
1 0 -1 0 0
1 0 -1 0 1
1 -1 -1 -1 1
1 -1 -1 1 1

Chamber 1236:
0 0 -1 0 0
1 0 -1 0 0
1 0 -1 -1 0
1 1 -1 -1 -1
1 -1 -1 -1 -1

Chamber 1237:
0 0 -1 0 0
1 0 -1 0 0
1 0 -1 -1 0
1 -1 -1 -1 1
1 1 -1 -1 1

Chamber 1238:
0 0 0 0 1
1 0 0 0 1
1 0 0 -1 1
1 1 1 -1 1
1 1 -1 -1 1

Chamber 1239:
0 0 0 0 -1
1 0 0 0 -1
1 0 0 -1 -1
1 1 -1 -1 -1
1 1 1 -1 -1

Chamber 1240:
0 0 -1 0 0
1 0 -1 0 0
1 0 -1 0 1
1 1 -1 1 1
1 1 -1 -1 1

Chamber 1241:
0 0 -1 0 0
1 0 -1 0 0
1 0 -1 0 -1
1 1 -1 -1 -1
1 1 -1 1 -1

Chamber 1242:
0 0 0 1 0
1 0 0 1 0
1 0 0 1 1
1 1 -1 1 1
1 -1 -1 1 1

Chamber 1243:
0 0 0 -1 0
1 0 0 -1 0
1 0 0 -1 1
1 1 1 -1 1
1 -1 1 -1 1

Chamber 1244:
0 0 0 1 0
1 0 0 1 0
1 0 0 1 -1
1 -1 -1 1 -1
1 1 -1 1 -1

Chamber 1245:
0 0 0 -1 0
1 0 0 -1 0
1 0 0 -1 -1
1 -1 1 -1 -1
1 1 1 -1 -1

Chamber 1246:
0 0 0 1 0
1 0 0 1 0
1 -1 0 1 0
1 -1 1 1 1
1 -1 -1 1 1

Chamber 1247:
0 0 0 1 0
1 0 0 1 0
1 -1 0 1 0
1 -1 -1 1 -1
1 -1 1 1 -1

Chamber 1248:
0 0 0 0 -1
1 0 0 0 -1
1 -1 0 0 -1
1 -1 -1 1 -1
1 -1 -1 -1 -1

Chamber 1249:
0 0 0 0 1
1 0 0 0 1
1 -1 0 0 1
1 -1 -1 -1 1
1 -1 -1 1 1

Chamber 1250:
0 0 0 -1 0
1 0 0 -1 0
1 -1 0 -1 0
1 -1 1 -1 -1
1 -1 -1 -1 -1

Chamber 1251:
0 0 0 -1 0
1 0 0 -1 0
1 -1 0 -1 0
1 -1 -1 -1 1
1 -1 1 -1 1

Chamber 1252:
0 0 0 0 1
1 0 0 0 1
1 -1 0 0 1
1 -1 1 1 1
1 -1 1 -1 1

Chamber 1253:
0 0 0 0 -1
1 0 0 0 -1
1 -1 0 0 -1
1 -1 1 -1 -1
1 -1 1 1 -1

Chamber 1254:
0 0 -1 0 0
1 0 -1 0 0
1 -1 -1 0 0
1 -1 -1 -1 1
1 -1 -1 -1 -1

Chamber 1255:
0 0 1 0 0
1 0 1 0 0
1 0 1 -1 0
1 1 1 -1 1
1 -1 1 -1 1

Chamber 1256:
0 0 1 0 0
1 0 1 0 0
1 0 1 -1 0
1 -1 1 -1 -1
1 1 1 -1 -1

Chamber 1257:
0 0 0 0 -1
1 0 0 0 -1
1 0 0 -1 -1
1 -1 1 -1 -1
1 -1 -1 -1 -1

Chamber 1258:
0 0 0 0 1
1 0 0 0 1
1 0 0 -1 1
1 -1 -1 -1 1
1 -1 1 -1 1

Chamber 1259:
0 0 1 0 0
1 0 1 0 0
1 0 1 0 1
1 -1 1 1 1
1 -1 1 -1 1

Chamber 1260:
0 0 1 0 0
1 0 1 0 0
1 0 1 0 -1
1 -1 1 -1 -1
1 -1 1 1 -1

Chamber 1261:
0 0 1 0 0
1 0 1 0 0
1 0 1 1 0
1 1 1 1 -1
1 -1 1 1 -1

Chamber 1262:
0 0 1 0 0
1 0 1 0 0
1 0 1 1 0
1 -1 1 1 1
1 1 1 1 1

Chamber 1263:
0 0 0 0 -1
1 0 0 0 -1
1 0 0 1 -1
1 1 1 1 -1
1 1 -1 1 -1

Chamber 1264:
0 0 0 0 1
1 0 0 0 1
1 0 0 1 1
1 1 -1 1 1
1 1 1 1 1

Chamber 1265:
0 0 1 0 0
1 0 1 0 0
1 0 1 0 -1
1 1 1 1 -1
1 1 1 -1 -1

Chamber 1266:
0 0 1 0 0
1 0 1 0 0
1 0 1 0 1
1 1 1 -1 1
1 1 1 1 1

Chamber 1267:
0 0 0 -1 0
1 0 0 -1 0
1 0 0 -1 -1
1 1 -1 -1 -1
1 -1 -1 -1 -1

Chamber 1268:
0 0 0 1 0
1 0 0 1 0
1 0 0 1 -1
1 1 1 1 -1
1 -1 1 1 -1

Chamber 1269:
0 0 0 -1 0
1 0 0 -1 0
1 0 0 -1 1
1 -1 -1 -1 1
1 1 -1 -1 1

Chamber 1270:
0 0 0 1 0
1 0 0 1 0
1 0 0 1 1
1 -1 1 1 1
1 1 1 1 1

Chamber 1271:
0 0 0 -1 0
1 0 0 -1 0
1 1 0 -1 0
1 1 1 -1 1
1 1 -1 -1 1

Chamber 1272:
0 0 0 -1 0
1 0 0 -1 0
1 1 0 -1 0
1 1 -1 -1 -1
1 1 1 -1 -1

Chamber 1273:
0 0 0 0 1
1 0 0 0 1
1 1 0 0 1
1 1 -1 1 1
1 1 -1 -1 1

Chamber 1274:
0 0 0 0 -1
1 0 0 0 -1
1 1 0 0 -1
1 1 -1 -1 -1
1 1 -1 1 -1

Chamber 1275:
0 0 0 1 0
1 0 0 1 0
1 1 0 1 0
1 1 1 1 -1
1 1 -1 1 -1

Chamber 1276:
0 0 0 1 0
1 0 0 1 0
1 1 0 1 0
1 1 -1 1 1
1 1 1 1 1

Chamber 1277:
0 0 0 0 -1
1 0 0 0 -1
1 1 0 0 -1
1 1 1 1 -1
1 1 1 -1 -1

Chamber 1278:
0 0 0 0 1
1 0 0 0 1
1 1 0 0 1
1 1 1 -1 1
1 1 1 1 1

Chamber 1279:
0 0 1 0 0
1 0 1 0 0
1 1 1 0 0
1 1 1 -1 1
1 1 1 -1 -1

Chamber 1280:
0 0 0 -1 0
1 0 0 -1 0
1 0 -1 -1 0
1 -1 -1 -1 1
1 -1 -1 -1 -1

Chamber 1281:
0 0 0 1 0
1 0 0 1 0
1 0 -1 1 0
1 1 -1 1 1
1 1 -1 1 -1

Chamber 1282:
0 0 0 0 -1
1 0 0 0 -1
1 0 -1 0 -1
1 1 -1 -1 -1
1 -1 -1 -1 -1

Chamber 1283:
0 0 0 0 1
1 0 0 0 1
1 0 -1 0 1
1 -1 -1 -1 1
1 1 -1 -1 1

Chamber 1284:
0 1 0 0 0
1 1 0 0 0
1 1 0 0 1
1 1 1 -1 1
1 1 -1 -1 1

Chamber 1285:
0 1 0 0 0
1 1 0 0 0
1 1 0 0 -1
1 1 -1 -1 -1
1 1 1 -1 -1

Chamber 1286:
0 1 0 0 0
1 1 0 0 0
1 1 -1 0 0
1 1 -1 1 1
1 1 -1 -1 1

Chamber 1287:
0 1 0 0 0
1 1 0 0 0
1 1 -1 0 0
1 1 -1 -1 -1
1 1 -1 1 -1

Chamber 1288:
0 1 0 0 0
1 1 0 0 0
1 1 0 -1 0
1 1 1 -1 1
1 1 1 -1 -1

Chamber 1289:
0 1 0 0 0
1 1 0 0 0
1 1 0 1 0
1 1 -1 1 1
1 1 -1 1 -1

Chamber 1290:
0 0 0 1 0
0 1 0 1 0
0 1 -1 1 0
1 1 -1 1 1
-1 1 -1 1 1

Chamber 1291:
0 0 0 1 0
0 1 0 1 0
0 1 -1 1 0
-1 1 -1 1 -1
1 1 -1 1 -1

Chamber 1292:
0 0 0 1 0
0 0 0 1 -1
0 0 -1 1 -1
-1 1 -1 1 -1
-1 -1 -1 1 -1

Chamber 1293:
0 0 0 1 0
0 0 0 1 1
0 0 -1 1 1
-1 -1 -1 1 1
-1 1 -1 1 1

Chamber 1294:
0 0 0 1 0
0 1 0 1 0
0 1 0 1 1
-1 1 1 1 1
-1 1 -1 1 1

Chamber 1295:
0 0 0 1 0
0 1 0 1 0
0 1 0 1 -1
-1 1 -1 1 -1
-1 1 1 1 -1

Chamber 1296:
0 0 0 0 -1
0 1 0 0 -1
0 1 -1 0 -1
-1 1 -1 1 -1
-1 1 -1 -1 -1

Chamber 1297:
0 0 0 0 1
0 1 0 0 1
0 1 -1 0 1
-1 1 -1 -1 1
-1 1 -1 1 1

Chamber 1298:
0 0 0 -1 0
0 1 0 -1 0
0 1 -1 -1 0
1 1 -1 -1 -1
-1 1 -1 -1 -1

Chamber 1299:
0 0 0 -1 0
0 1 0 -1 0
0 1 -1 -1 0
-1 1 -1 -1 1
1 1 -1 -1 1

Chamber 1300:
0 0 0 -1 0
0 0 0 -1 -1
0 0 -1 -1 -1
1 1 -1 -1 -1
1 -1 -1 -1 -1

Chamber 1301:
0 0 0 -1 0
0 0 0 -1 1
0 0 -1 -1 1
1 -1 -1 -1 1
1 1 -1 -1 1

Chamber 1302:
0 0 0 -1 0
0 1 0 -1 0
0 1 0 -1 1
1 1 1 -1 1
1 1 -1 -1 1

Chamber 1303:
0 0 0 -1 0
0 1 0 -1 0
0 1 0 -1 -1
1 1 -1 -1 -1
1 1 1 -1 -1

Chamber 1304:
0 0 0 0 1
0 1 0 0 1
0 1 -1 0 1
1 1 -1 1 1
1 1 -1 -1 1

Chamber 1305:
0 0 0 0 -1
0 1 0 0 -1
0 1 -1 0 -1
1 1 -1 -1 -1
1 1 -1 1 -1

Chamber 1306:
0 0 0 0 1
0 0 0 -1 1
0 0 -1 -1 1
1 -1 -1 -1 1
-1 -1 -1 -1 1

Chamber 1307:
0 0 0 0 1
0 0 0 1 1
0 0 -1 1 1
1 1 -1 1 1
-1 1 -1 1 1

Chamber 1308:
0 0 0 0 1
0 1 0 0 1
0 1 0 1 1
1 1 -1 1 1
-1 1 -1 1 1

Chamber 1309:
0 0 0 0 1
0 1 0 0 1
0 1 0 -1 1
1 1 1 -1 1
-1 1 1 -1 1

Chamber 1310:
0 0 0 0 -1
0 0 0 -1 -1
0 0 -1 -1 -1
-1 -1 -1 -1 -1
1 -1 -1 -1 -1

Chamber 1311:
0 0 0 0 -1
0 0 0 1 -1
0 0 -1 1 -1
-1 1 -1 1 -1
1 1 -1 1 -1

Chamber 1312:
0 0 0 0 -1
0 1 0 0 -1
0 1 0 1 -1
-1 1 -1 1 -1
1 1 -1 1 -1

Chamber 1313:
0 0 0 0 -1
0 1 0 0 -1
0 1 0 -1 -1
-1 1 1 -1 -1
1 1 1 -1 -1

Chamber 1314:
-1 0 0 0 0
-1 0 0 -1 0
-1 0 -1 -1 0
-1 1 -1 -1 1
-1 -1 -1 -1 1

Chamber 1315:
-1 0 0 0 0
-1 0 0 -1 0
-1 0 -1 -1 0
-1 -1 -1 -1 -1
-1 1 -1 -1 -1

Chamber 1316:
-1 0 0 0 0
-1 0 0 -1 0
-1 0 0 -1 1
-1 -1 1 -1 1
-1 -1 -1 -1 1

Chamber 1317:
-1 0 0 0 0
-1 0 0 -1 0
-1 0 0 -1 -1
-1 -1 -1 -1 -1
-1 -1 1 -1 -1

Chamber 1318:
-1 0 0 0 0
-1 0 0 0 1
-1 0 -1 0 1
-1 -1 -1 1 1
-1 -1 -1 -1 1

Chamber 1319:
-1 0 0 0 0
-1 0 0 0 -1
-1 0 -1 0 -1
-1 -1 -1 -1 -1
-1 -1 -1 1 -1

Chamber 1320:
-1 0 0 0 0
-1 0 0 1 0
-1 0 -1 1 0
-1 1 -1 1 -1
-1 -1 -1 1 -1

Chamber 1321:
-1 0 0 0 0
-1 0 0 1 0
-1 0 -1 1 0
-1 -1 -1 1 1
-1 1 -1 1 1

Chamber 1322:
-1 0 0 0 0
-1 0 0 1 0
-1 0 0 1 1
-1 1 1 1 1
-1 1 -1 1 1

Chamber 1323:
-1 0 0 0 0
-1 0 0 1 0
-1 0 0 1 -1
-1 1 -1 1 -1
-1 1 1 1 -1

Chamber 1324:
-1 0 0 0 0
-1 0 0 0 -1
-1 0 -1 0 -1
-1 1 -1 1 -1
-1 1 -1 -1 -1

Chamber 1325:
-1 0 0 0 0
-1 0 0 0 1
-1 0 -1 0 1
-1 1 -1 -1 1
-1 1 -1 1 1

Chamber 1326:
-1 0 0 0 0
-1 0 0 0 -1
-1 0 0 1 -1
-1 1 -1 1 -1
-1 -1 -1 1 -1

Chamber 1327:
-1 0 0 0 0
-1 0 0 0 -1
-1 0 0 -1 -1
-1 1 1 -1 -1
-1 -1 1 -1 -1

Chamber 1328:
-1 0 0 0 0
-1 0 0 0 1
-1 0 0 1 1
-1 -1 -1 1 1
-1 1 -1 1 1

Chamber 1329:
-1 0 0 0 0
-1 0 0 0 1
-1 0 0 -1 1
-1 -1 1 -1 1
-1 1 1 -1 1

Chamber 1330:
-1 0 0 0 0
-1 1 0 0 0
-1 1 0 1 0
-1 1 1 1 1
-1 1 -1 1 1

Chamber 1331:
-1 0 0 0 0
-1 1 0 0 0
-1 1 0 1 0
-1 1 -1 1 -1
-1 1 1 1 -1

Chamber 1332:
-1 0 0 0 0
-1 1 0 0 0
-1 1 0 0 -1
-1 1 -1 1 -1
-1 1 -1 -1 -1

Chamber 1333:
-1 0 0 0 0
-1 1 0 0 0
-1 1 0 0 1
-1 1 -1 -1 1
-1 1 -1 1 1

Chamber 1334:
-1 0 0 0 0
-1 1 0 0 0
-1 1 0 -1 0
-1 1 1 -1 -1
-1 1 -1 -1 -1

Chamber 1335:
-1 0 0 0 0
-1 1 0 0 0
-1 1 0 -1 0
-1 1 -1 -1 1
-1 1 1 -1 1

Chamber 1336:
-1 0 0 0 0
-1 1 0 0 0
-1 1 0 0 1
-1 1 1 1 1
-1 1 1 -1 1

Chamber 1337:
-1 0 0 0 0
-1 1 0 0 0
-1 1 0 0 -1
-1 1 1 -1 -1
-1 1 1 1 -1

Chamber 1338:
-1 0 0 0 0
-1 1 0 0 0
-1 1 -1 0 0
-1 1 -1 -1 1
-1 1 -1 -1 -1

Chamber 1339:
0 0 -1 0 0
0 1 -1 0 0
0 1 -1 0 -1
1 1 -1 -1 -1
-1 1 -1 -1 -1

Chamber 1340:
0 0 -1 0 0
0 1 -1 0 0
0 1 -1 0 1
-1 1 -1 -1 1
1 1 -1 -1 1

Chamber 1341:
0 0 -1 0 0
0 0 -1 0 -1
1 0 -1 0 -1
1 1 -1 -1 -1
1 -1 -1 -1 -1

Chamber 1342:
0 0 -1 0 0
0 0 -1 0 1
1 0 -1 0 1
1 -1 -1 -1 1
1 1 -1 -1 1

Chamber 1343:
0 0 0 0 1
0 1 0 0 1
1 1 0 0 1
1 1 1 -1 1
1 1 -1 -1 1

Chamber 1344:
0 0 0 0 -1
0 1 0 0 -1
1 1 0 0 -1
1 1 -1 -1 -1
1 1 1 -1 -1

Chamber 1345:
0 0 -1 0 0
0 1 -1 0 0
1 1 -1 0 0
1 1 -1 1 1
1 1 -1 -1 1

Chamber 1346:
0 0 -1 0 0
0 1 -1 0 0
1 1 -1 0 0
1 1 -1 -1 -1
1 1 -1 1 -1

Chamber 1347:
0 0 -1 0 0
0 1 -1 0 0
0 1 -1 1 0
1 1 -1 1 1
1 1 -1 1 -1

Chamber 1348:
0 0 -1 0 0
0 -1 -1 0 0
0 -1 -1 1 0
-1 -1 -1 1 1
-1 -1 -1 1 -1

Chamber 1349:
0 0 1 0 0
0 1 1 0 0
0 1 1 1 0
-1 1 1 1 1
-1 1 1 1 -1

Chamber 1350:
0 0 -1 0 0
0 1 -1 0 0
0 1 -1 -1 0
-1 1 -1 -1 1
-1 1 -1 -1 -1

Chamber 1351:
0 0 -1 0 0
0 -1 -1 0 0
0 -1 -1 -1 0
1 -1 -1 -1 1
1 -1 -1 -1 -1

Chamber 1352:
0 0 1 0 0
0 1 1 0 0
0 1 1 -1 0
1 1 1 -1 1
1 1 1 -1 -1

Chamber 1353:
0 0 -1 0 0
0 0 -1 -1 0
1 0 -1 -1 0
1 -1 -1 -1 1
1 -1 -1 -1 -1

Chamber 1354:
0 0 -1 0 0
0 0 -1 1 0
1 0 -1 1 0
1 1 -1 1 1
1 1 -1 1 -1

Chamber 1355:
0 0 0 1 0
0 1 0 1 0
1 1 0 1 0
1 1 -1 1 1
1 1 -1 1 -1

Chamber 1356:
0 0 0 -1 0
0 1 0 -1 0
1 1 0 -1 0
1 1 1 -1 1
1 1 1 -1 -1

Chamber 1357:
0 0 -1 0 0
0 -1 -1 0 0
0 -1 -1 0 1
1 -1 -1 -1 1
-1 -1 -1 -1 1

Chamber 1358:
0 0 1 0 0
0 1 1 0 0
0 1 1 0 1
1 1 1 -1 1
-1 1 1 -1 1

Chamber 1359:
0 0 -1 0 0
0 -1 -1 0 0
0 -1 -1 0 -1
-1 -1 -1 -1 -1
1 -1 -1 -1 -1

Chamber 1360:
0 0 1 0 0
0 1 1 0 0
0 1 1 0 -1
-1 1 1 -1 -1
1 1 1 -1 -1

Chamber 1361:
0 0 -1 0 0
0 0 -1 0 1
-1 0 -1 0 1
-1 1 -1 -1 1
-1 -1 -1 -1 1

Chamber 1362:
0 0 -1 0 0
0 0 -1 0 -1
-1 0 -1 0 -1
-1 -1 -1 -1 -1
-1 1 -1 -1 -1

Chamber 1363:
0 0 0 0 1
0 -1 0 0 1
-1 -1 0 0 1
-1 -1 1 -1 1
-1 -1 -1 -1 1

Chamber 1364:
0 0 0 0 -1
0 -1 0 0 -1
-1 -1 0 0 -1
-1 -1 -1 -1 -1
-1 -1 1 -1 -1

Chamber 1365:
0 0 -1 0 0
0 -1 -1 0 0
-1 -1 -1 0 0
-1 -1 -1 1 1
-1 -1 -1 -1 1

Chamber 1366:
0 0 -1 0 0
0 -1 -1 0 0
-1 -1 -1 0 0
-1 -1 -1 -1 -1
-1 -1 -1 1 -1

Chamber 1367:
0 0 -1 0 0
0 0 -1 -1 0
-1 0 -1 -1 0
-1 1 -1 -1 1
-1 1 -1 -1 -1

Chamber 1368:
0 0 1 0 0
0 0 1 -1 0
-1 0 1 -1 0
-1 -1 1 -1 1
-1 -1 1 -1 -1

Chamber 1369:
0 0 -1 0 0
0 0 -1 1 0
-1 0 -1 1 0
-1 -1 -1 1 1
-1 -1 -1 1 -1

Chamber 1370:
0 0 1 0 0
0 0 1 1 0
-1 0 1 1 0
-1 1 1 1 1
-1 1 1 1 -1

Chamber 1371:
0 0 0 1 0
0 -1 0 1 0
-1 -1 0 1 0
-1 -1 -1 1 1
-1 -1 -1 1 -1

Chamber 1372:
0 0 0 -1 0
0 -1 0 -1 0
-1 -1 0 -1 0
-1 -1 1 -1 1
-1 -1 1 -1 -1

Chamber 1373:
0 0 1 0 0
0 0 1 0 -1
-1 0 1 0 -1
-1 1 1 -1 -1
-1 -1 1 -1 -1

Chamber 1374:
0 0 1 0 0
0 0 1 0 1
-1 0 1 0 1
-1 -1 1 -1 1
-1 1 1 -1 1

Chamber 1375:
0 0 0 0 -1
0 1 0 0 -1
-1 1 0 0 -1
-1 1 1 -1 -1
-1 1 -1 -1 -1

Chamber 1376:
0 0 0 0 1
0 1 0 0 1
-1 1 0 0 1
-1 1 -1 -1 1
-1 1 1 -1 1

Chamber 1377:
0 0 1 0 0
0 1 1 0 0
-1 1 1 0 0
-1 1 1 1 1
-1 1 1 -1 1

Chamber 1378:
0 0 1 0 0
0 1 1 0 0
-1 1 1 0 0
-1 1 1 -1 -1
-1 1 1 1 -1

Chamber 1379:
0 0 0 1 0
0 1 0 1 0
-1 1 0 1 0
-1 1 1 1 1
-1 1 1 1 -1

Chamber 1380:
0 0 0 -1 0
0 1 0 -1 0
-1 1 0 -1 0
-1 1 -1 -1 1
-1 1 -1 -1 -1

Chamber 1381:
0 0 1 0 0
0 -1 1 0 0
0 -1 1 -1 0
-1 -1 1 -1 1
-1 -1 1 -1 -1

Chamber 1382:
0 0 1 0 0
0 -1 1 0 0
0 -1 1 1 0
1 -1 1 1 1
1 -1 1 1 -1

Chamber 1383:
0 0 1 0 0
0 -1 1 0 0
0 -1 1 0 -1
1 -1 1 -1 -1
-1 -1 1 -1 -1

Chamber 1384:
0 0 1 0 0
0 -1 1 0 0
0 -1 1 0 1
-1 -1 1 -1 1
1 -1 1 -1 1

Chamber 1385:
0 0 1 0 0
0 0 1 0 1
1 0 1 0 1
1 1 1 -1 1
1 -1 1 -1 1

Chamber 1386:
0 0 1 0 0
0 0 1 0 -1
1 0 1 0 -1
1 -1 1 -1 -1
1 1 1 -1 -1

Chamber 1387:
0 0 0 0 -1
0 -1 0 0 -1
1 -1 0 0 -1
1 -1 1 -1 -1
1 -1 -1 -1 -1

Chamber 1388:
0 0 0 0 1
0 -1 0 0 1
1 -1 0 0 1
1 -1 -1 -1 1
1 -1 1 -1 1

Chamber 1389:
0 0 1 0 0
0 -1 1 0 0
1 -1 1 0 0
1 -1 1 1 1
1 -1 1 -1 1

Chamber 1390:
0 0 1 0 0
0 -1 1 0 0
1 -1 1 0 0
1 -1 1 -1 -1
1 -1 1 1 -1

Chamber 1391:
0 0 1 0 0
0 0 1 -1 0
1 0 1 -1 0
1 1 1 -1 1
1 1 1 -1 -1

Chamber 1392:
0 0 1 0 0
0 0 1 1 0
1 0 1 1 0
1 -1 1 1 1
1 -1 1 1 -1

Chamber 1393:
0 0 0 -1 0
0 -1 0 -1 0
1 -1 0 -1 0
1 -1 -1 -1 1
1 -1 -1 -1 -1

Chamber 1394:
0 0 0 1 0
0 -1 0 1 0
1 -1 0 1 0
1 -1 1 1 1
1 -1 1 1 -1

Chamber 1395:
0 0 0 0 1
0 0 -1 0 1
0 -1 -1 0 1
1 -1 -1 -1 1
-1 -1 -1 -1 1

Chamber 1396:
0 0 0 0 1
0 0 1 0 1
0 1 1 0 1
1 1 1 -1 1
-1 1 1 -1 1

Chamber 1397:
0 0 0 0 -1
0 0 -1 0 -1
0 -1 -1 0 -1
-1 -1 -1 -1 -1
1 -1 -1 -1 -1

Chamber 1398:
0 0 0 0 -1
0 0 1 0 -1
0 1 1 0 -1
-1 1 1 -1 -1
1 1 1 -1 -1

Chamber 1399:
-1 0 0 0 0
-1 0 -1 0 0
-1 0 -1 0 1
-1 1 -1 -1 1
-1 -1 -1 -1 1

Chamber 1400:
-1 0 0 0 0
-1 0 -1 0 0
-1 0 -1 0 -1
-1 -1 -1 -1 -1
-1 1 -1 -1 -1

Chamber 1401:
-1 0 0 0 0
-1 0 0 0 1
-1 -1 0 0 1
-1 -1 1 -1 1
-1 -1 -1 -1 1

Chamber 1402:
-1 0 0 0 0
-1 0 0 0 -1
-1 -1 0 0 -1
-1 -1 -1 -1 -1
-1 -1 1 -1 -1

Chamber 1403:
-1 0 0 0 0
-1 0 -1 0 0
-1 -1 -1 0 0
-1 -1 -1 1 1
-1 -1 -1 -1 1

Chamber 1404:
-1 0 0 0 0
-1 0 -1 0 0
-1 -1 -1 0 0
-1 -1 -1 -1 -1
-1 -1 -1 1 -1

Chamber 1405:
-1 0 0 0 0
-1 0 1 0 0
-1 0 1 0 -1
-1 1 1 -1 -1
-1 -1 1 -1 -1

Chamber 1406:
-1 0 0 0 0
-1 0 1 0 0
-1 0 1 0 1
-1 -1 1 -1 1
-1 1 1 -1 1

Chamber 1407:
-1 0 0 0 0
-1 0 0 0 -1
-1 1 0 0 -1
-1 1 1 -1 -1
-1 1 -1 -1 -1

Chamber 1408:
-1 0 0 0 0
-1 0 0 0 1
-1 1 0 0 1
-1 1 -1 -1 1
-1 1 1 -1 1

Chamber 1409:
-1 0 0 0 0
-1 0 1 0 0
-1 1 1 0 0
-1 1 1 1 1
-1 1 1 -1 1

Chamber 1410:
-1 0 0 0 0
-1 0 1 0 0
-1 1 1 0 0
-1 1 1 -1 -1
-1 1 1 1 -1

Chamber 1411:
0 0 0 -1 0
0 0 -1 -1 0
0 -1 -1 -1 0
1 -1 -1 -1 1
1 -1 -1 -1 -1

Chamber 1412:
0 0 0 -1 0
0 0 1 -1 0
0 1 1 -1 0
1 1 1 -1 1
1 1 1 -1 -1

Chamber 1413:
0 0 0 -1 0
0 -1 0 -1 0
0 -1 -1 -1 0
1 -1 -1 -1 1
-1 -1 -1 -1 1

Chamber 1414:
0 0 0 -1 0
0 -1 0 -1 0
0 -1 -1 -1 0
-1 -1 -1 -1 -1
1 -1 -1 -1 -1

Chamber 1415:
0 0 0 -1 0
0 0 0 -1 1
0 0 -1 -1 1
-1 1 -1 -1 1
-1 -1 -1 -1 1

Chamber 1416:
0 0 0 -1 0
0 0 0 -1 -1
0 0 -1 -1 -1
-1 -1 -1 -1 -1
-1 1 -1 -1 -1

Chamber 1417:
0 0 0 -1 0
0 -1 0 -1 0
0 -1 0 -1 1
-1 -1 1 -1 1
-1 -1 -1 -1 1

Chamber 1418:
0 0 0 -1 0
0 -1 0 -1 0
0 -1 0 -1 -1
-1 -1 -1 -1 -1
-1 -1 1 -1 -1

Chamber 1419:
0 0 0 0 1
0 -1 0 0 1
0 -1 -1 0 1
-1 -1 -1 1 1
-1 -1 -1 -1 1

Chamber 1420:
0 0 0 0 -1
0 -1 0 0 -1
0 -1 -1 0 -1
-1 -1 -1 -1 -1
-1 -1 -1 1 -1

Chamber 1421:
0 0 0 -1 0
0 0 -1 -1 0
0 1 -1 -1 0
-1 1 -1 -1 1
-1 1 -1 -1 -1

Chamber 1422:
0 0 0 -1 0
0 0 1 -1 0
0 -1 1 -1 0
-1 -1 1 -1 1
-1 -1 1 -1 -1

Chamber 1423:
0 0 0 1 0
0 0 -1 1 0
0 -1 -1 1 0
-1 -1 -1 1 1
-1 -1 -1 1 -1

Chamber 1424:
0 0 0 1 0
0 0 1 1 0
0 1 1 1 0
-1 1 1 1 1
-1 1 1 1 -1

Chamber 1425:
0 0 0 1 0
0 -1 0 1 0
0 -1 -1 1 0
1 -1 -1 1 -1
-1 -1 -1 1 -1

Chamber 1426:
0 0 0 1 0
0 -1 0 1 0
0 -1 -1 1 0
-1 -1 -1 1 1
1 -1 -1 1 1

Chamber 1427:
0 0 0 1 0
0 0 0 1 1
0 0 -1 1 1
1 1 -1 1 1
1 -1 -1 1 1

Chamber 1428:
0 0 0 1 0
0 0 0 1 -1
0 0 -1 1 -1
1 -1 -1 1 -1
1 1 -1 1 -1

Chamber 1429:
0 0 0 1 0
0 -1 0 1 0
0 -1 0 1 1
1 -1 1 1 1
1 -1 -1 1 1

Chamber 1430:
0 0 0 1 0
0 -1 0 1 0
0 -1 0 1 -1
1 -1 -1 1 -1
1 -1 1 1 -1

Chamber 1431:
0 0 0 0 -1
0 -1 0 0 -1
0 -1 -1 0 -1
1 -1 -1 1 -1
1 -1 -1 -1 -1

Chamber 1432:
0 0 0 0 1
0 -1 0 0 1
0 -1 -1 0 1
1 -1 -1 -1 1
1 -1 -1 1 1

Chamber 1433:
0 0 0 1 0
0 0 -1 1 0
0 1 -1 1 0
1 1 -1 1 1
1 1 -1 1 -1

Chamber 1434:
0 0 0 1 0
0 0 1 1 0
0 -1 1 1 0
1 -1 1 1 1
1 -1 1 1 -1

Chamber 1435:
-1 0 0 0 0
-1 0 -1 0 0
-1 0 -1 1 0
-1 -1 -1 1 1
-1 -1 -1 1 -1

Chamber 1436:
-1 0 0 0 0
-1 0 -1 0 0
-1 0 -1 -1 0
-1 1 -1 -1 1
-1 1 -1 -1 -1

Chamber 1437:
-1 0 0 0 0
-1 0 0 1 0
-1 -1 0 1 0
-1 -1 -1 1 1
-1 -1 -1 1 -1

Chamber 1438:
-1 0 0 0 0
-1 0 0 -1 0
-1 -1 0 -1 0
-1 -1 1 -1 1
-1 -1 1 -1 -1

Chamber 1439:
-1 0 0 0 0
-1 0 1 0 0
-1 0 1 -1 0
-1 -1 1 -1 1
-1 -1 1 -1 -1

Chamber 1440:
-1 0 0 0 0
-1 0 1 0 0
-1 0 1 1 0
-1 1 1 1 1
-1 1 1 1 -1

Chamber 1441:
-1 0 0 0 0
-1 0 0 -1 0
-1 1 0 -1 0
-1 1 -1 -1 1
-1 1 -1 -1 -1

Chamber 1442:
-1 0 0 0 0
-1 0 0 1 0
-1 1 0 1 0
-1 1 1 1 1
-1 1 1 1 -1

Chamber 1443:
0 0 0 0 -1
0 0 0 1 -1
0 0 -1 1 -1
1 -1 -1 1 -1
-1 -1 -1 1 -1

Chamber 1444:
0 0 0 0 -1
0 0 0 -1 -1
0 0 -1 -1 -1
1 1 -1 -1 -1
-1 1 -1 -1 -1

Chamber 1445:
0 0 0 0 -1
0 -1 0 0 -1
0 -1 0 1 -1
1 -1 -1 1 -1
-1 -1 -1 1 -1

Chamber 1446:
0 0 0 0 -1
0 -1 0 0 -1
0 -1 0 -1 -1
1 -1 1 -1 -1
-1 -1 1 -1 -1

Chamber 1447:
0 0 0 0 -1
0 0 -1 0 -1
0 1 -1 0 -1
1 1 -1 -1 -1
-1 1 -1 -1 -1

Chamber 1448:
0 0 0 0 -1
0 0 1 0 -1
0 -1 1 0 -1
1 -1 1 -1 -1
-1 -1 1 -1 -1

Chamber 1449:
0 0 0 0 1
0 0 0 1 1
0 0 -1 1 1
-1 -1 -1 1 1
1 -1 -1 1 1

Chamber 1450:
0 0 0 0 1
0 0 0 -1 1
0 0 -1 -1 1
-1 1 -1 -1 1
1 1 -1 -1 1

Chamber 1451:
0 0 0 0 1
0 -1 0 0 1
0 -1 0 1 1
-1 -1 -1 1 1
1 -1 -1 1 1

Chamber 1452:
0 0 0 0 1
0 -1 0 0 1
0 -1 0 -1 1
-1 -1 1 -1 1
1 -1 1 -1 1

Chamber 1453:
0 0 0 0 1
0 0 -1 0 1
0 1 -1 0 1
-1 1 -1 -1 1
1 1 -1 -1 1

Chamber 1454:
0 0 0 0 1
0 0 1 0 1
0 -1 1 0 1
-1 -1 1 -1 1
1 -1 1 -1 1

Chamber 1455:
1 0 0 0 0
1 0 0 1 0
1 0 -1 1 0
1 1 -1 1 1
1 -1 -1 1 1

Chamber 1456:
1 0 0 0 0
1 0 0 1 0
1 0 -1 1 0
1 -1 -1 1 -1
1 1 -1 1 -1

Chamber 1457:
1 0 0 0 0
1 0 0 1 0
1 0 0 1 1
1 -1 1 1 1
1 -1 -1 1 1

Chamber 1458:
1 0 0 0 0
1 0 0 1 0
1 0 0 1 -1
1 -1 -1 1 -1
1 -1 1 1 -1

Chamber 1459:
1 0 0 0 0
1 0 0 0 -1
1 0 -1 0 -1
1 -1 -1 1 -1
1 -1 -1 -1 -1

Chamber 1460:
1 0 0 0 0
1 0 0 0 1
1 0 -1 0 1
1 -1 -1 -1 1
1 -1 -1 1 1

Chamber 1461:
1 0 0 0 0
1 0 0 -1 0
1 0 -1 -1 0
1 1 -1 -1 -1
1 -1 -1 -1 -1

Chamber 1462:
1 0 0 0 0
1 0 0 -1 0
1 0 -1 -1 0
1 -1 -1 -1 1
1 1 -1 -1 1

Chamber 1463:
1 0 0 0 0
1 0 0 -1 0
1 0 0 -1 1
1 1 1 -1 1
1 1 -1 -1 1

Chamber 1464:
1 0 0 0 0
1 0 0 -1 0
1 0 0 -1 -1
1 1 -1 -1 -1
1 1 1 -1 -1

Chamber 1465:
1 0 0 0 0
1 0 0 0 1
1 0 -1 0 1
1 1 -1 1 1
1 1 -1 -1 1

Chamber 1466:
1 0 0 0 0
1 0 0 0 -1
1 0 -1 0 -1
1 1 -1 -1 -1
1 1 -1 1 -1

Chamber 1467:
1 0 0 0 0
1 0 0 0 1
1 0 0 1 1
1 1 -1 1 1
1 -1 -1 1 1

Chamber 1468:
1 0 0 0 0
1 0 0 0 1
1 0 0 -1 1
1 1 1 -1 1
1 -1 1 -1 1

Chamber 1469:
1 0 0 0 0
1 0 0 0 -1
1 0 0 1 -1
1 -1 -1 1 -1
1 1 -1 1 -1

Chamber 1470:
1 0 0 0 0
1 0 0 0 -1
1 0 0 -1 -1
1 -1 1 -1 -1
1 1 1 -1 -1

Chamber 1471:
1 0 0 0 0
1 -1 0 0 0
1 -1 0 1 0
1 -1 1 1 1
1 -1 -1 1 1

Chamber 1472:
1 0 0 0 0
1 -1 0 0 0
1 -1 0 1 0
1 -1 -1 1 -1
1 -1 1 1 -1

Chamber 1473:
1 0 0 0 0
1 -1 0 0 0
1 -1 0 0 -1
1 -1 -1 1 -1
1 -1 -1 -1 -1

Chamber 1474:
1 0 0 0 0
1 -1 0 0 0
1 -1 0 0 1
1 -1 -1 -1 1
1 -1 -1 1 1

Chamber 1475:
1 0 0 0 0
1 -1 0 0 0
1 -1 0 -1 0
1 -1 1 -1 -1
1 -1 -1 -1 -1

Chamber 1476:
1 0 0 0 0
1 -1 0 0 0
1 -1 0 -1 0
1 -1 -1 -1 1
1 -1 1 -1 1

Chamber 1477:
1 0 0 0 0
1 -1 0 0 0
1 -1 0 0 1
1 -1 1 1 1
1 -1 1 -1 1

Chamber 1478:
1 0 0 0 0
1 -1 0 0 0
1 -1 0 0 -1
1 -1 1 -1 -1
1 -1 1 1 -1

Chamber 1479:
1 0 0 0 0
1 -1 0 0 0
1 -1 -1 0 0
1 -1 -1 -1 1
1 -1 -1 -1 -1

Chamber 1480:
1 0 0 0 0
1 0 -1 0 0
1 0 -1 0 -1
1 1 -1 -1 -1
1 -1 -1 -1 -1

Chamber 1481:
1 0 0 0 0
1 0 -1 0 0
1 0 -1 0 1
1 -1 -1 -1 1
1 1 -1 -1 1

Chamber 1482:
1 0 0 0 0
1 0 0 0 1
1 1 0 0 1
1 1 1 -1 1
1 1 -1 -1 1

Chamber 1483:
1 0 0 0 0
1 0 0 0 -1
1 1 0 0 -1
1 1 -1 -1 -1
1 1 1 -1 -1

Chamber 1484:
1 0 0 0 0
1 0 -1 0 0
1 1 -1 0 0
1 1 -1 1 1
1 1 -1 -1 1

Chamber 1485:
1 0 0 0 0
1 0 -1 0 0
1 1 -1 0 0
1 1 -1 -1 -1
1 1 -1 1 -1

Chamber 1486:
1 0 0 0 0
1 0 -1 0 0
1 0 -1 1 0
1 1 -1 1 1
1 1 -1 1 -1

Chamber 1487:
1 0 0 0 0
1 0 1 0 0
1 0 1 1 0
1 -1 1 1 1
1 -1 1 1 -1

Chamber 1488:
1 0 0 0 0
1 0 -1 0 0
1 0 -1 -1 0
1 -1 -1 -1 1
1 -1 -1 -1 -1

Chamber 1489:
1 0 0 0 0
1 0 1 0 0
1 0 1 -1 0
1 1 1 -1 1
1 1 1 -1 -1

Chamber 1490:
1 0 0 0 0
1 0 0 1 0
1 1 0 1 0
1 1 -1 1 1
1 1 -1 1 -1

Chamber 1491:
1 0 0 0 0
1 0 0 -1 0
1 1 0 -1 0
1 1 1 -1 1
1 1 1 -1 -1

Chamber 1492:
1 0 0 0 0
1 0 1 0 0
1 0 1 0 1
1 1 1 -1 1
1 -1 1 -1 1

Chamber 1493:
1 0 0 0 0
1 0 1 0 0
1 0 1 0 -1
1 -1 1 -1 -1
1 1 1 -1 -1

Chamber 1494:
1 0 0 0 0
1 0 0 0 -1
1 -1 0 0 -1
1 -1 1 -1 -1
1 -1 -1 -1 -1

Chamber 1495:
1 0 0 0 0
1 0 0 0 1
1 -1 0 0 1
1 -1 -1 -1 1
1 -1 1 -1 1

Chamber 1496:
1 0 0 0 0
1 0 1 0 0
1 -1 1 0 0
1 -1 1 1 1
1 -1 1 -1 1

Chamber 1497:
1 0 0 0 0
1 0 1 0 0
1 -1 1 0 0
1 -1 1 -1 -1
1 -1 1 1 -1

Chamber 1498:
1 0 0 0 0
1 0 0 1 0
1 -1 0 1 0
1 -1 1 1 1
1 -1 1 1 -1

Chamber 1499:
1 0 0 0 0
1 0 0 -1 0
1 -1 0 -1 0
1 -1 -1 -1 1
1 -1 -1 -1 -1

Chamber 1500:
0 0 1 0 0
0 -1 1 0 0
0 -1 1 1 0
1 -1 1 1 1
-1 -1 1 1 1

Chamber 1501:
0 0 1 0 0
0 -1 1 0 0
0 -1 1 1 0
-1 -1 1 1 -1
1 -1 1 1 -1

Chamber 1502:
0 0 1 0 0
0 0 1 0 1
0 0 1 1 1
-1 1 1 1 1
-1 -1 1 1 1

Chamber 1503:
0 0 1 0 0
0 0 1 0 -1
0 0 1 1 -1
-1 -1 1 1 -1
-1 1 1 1 -1

Chamber 1504:
0 0 0 0 -1
0 -1 0 0 -1
0 -1 0 1 -1
-1 -1 1 1 -1
-1 -1 -1 1 -1

Chamber 1505:
0 0 0 0 1
0 -1 0 0 1
0 -1 0 1 1
-1 -1 -1 1 1
-1 -1 1 1 1

Chamber 1506:
0 0 1 0 0
0 -1 1 0 0
0 -1 1 0 -1
-1 -1 1 1 -1
-1 -1 1 -1 -1

Chamber 1507:
0 0 1 0 0
0 -1 1 0 0
0 -1 1 0 1
-1 -1 1 -1 1
-1 -1 1 1 1

Chamber 1508:
0 0 1 0 0
0 -1 1 0 0
0 -1 1 -1 0
1 -1 1 -1 -1
-1 -1 1 -1 -1

Chamber 1509:
0 0 1 0 0
0 -1 1 0 0
0 -1 1 -1 0
-1 -1 1 -1 1
1 -1 1 -1 1

Chamber 1510:
0 0 1 0 0
0 0 1 0 1
0 0 1 -1 1
1 1 1 -1 1
1 -1 1 -1 1

Chamber 1511:
0 0 1 0 0
0 0 1 0 -1
0 0 1 -1 -1
1 -1 1 -1 -1
1 1 1 -1 -1

Chamber 1512:
0 0 0 0 -1
0 -1 0 0 -1
0 -1 0 -1 -1
1 -1 1 -1 -1
1 -1 -1 -1 -1

Chamber 1513:
0 0 0 0 1
0 -1 0 0 1
0 -1 0 -1 1
1 -1 -1 -1 1
1 -1 1 -1 1

Chamber 1514:
0 0 1 0 0
0 -1 1 0 0
0 -1 1 0 1
1 -1 1 1 1
1 -1 1 -1 1

Chamber 1515:
0 0 1 0 0
0 -1 1 0 0
0 -1 1 0 -1
1 -1 1 -1 -1
1 -1 1 1 -1

Chamber 1516:
0 0 1 0 0
0 0 1 1 0
0 0 1 1 1
1 -1 1 1 1
-1 -1 1 1 1

Chamber 1517:
0 0 1 0 0
0 0 1 -1 0
0 0 1 -1 1
1 1 1 -1 1
-1 1 1 -1 1

Chamber 1518:
0 0 0 -1 0
0 -1 0 -1 0
0 -1 0 -1 1
1 -1 -1 -1 1
-1 -1 -1 -1 1

Chamber 1519:
0 0 0 1 0
0 -1 0 1 0
0 -1 0 1 1
1 -1 1 1 1
-1 -1 1 1 1

Chamber 1520:
0 0 1 0 0
0 0 1 1 0
0 0 1 1 -1
-1 -1 1 1 -1
1 -1 1 1 -1

Chamber 1521:
0 0 1 0 0
0 0 1 -1 0
0 0 1 -1 -1
-1 1 1 -1 -1
1 1 1 -1 -1

Chamber 1522:
0 0 0 -1 0
0 -1 0 -1 0
0 -1 0 -1 -1
-1 -1 -1 -1 -1
1 -1 -1 -1 -1

Chamber 1523:
0 0 0 1 0
0 -1 0 1 0
0 -1 0 1 -1
-1 -1 1 1 -1
1 -1 1 1 -1

Chamber 1524:
0 0 1 0 0
0 0 1 1 0
-1 0 1 1 0
-1 1 1 1 1
-1 -1 1 1 1

Chamber 1525:
0 0 1 0 0
0 0 1 1 0
-1 0 1 1 0
-1 -1 1 1 -1
-1 1 1 1 -1

Chamber 1526:
0 0 0 0 -1
0 0 0 1 -1
-1 0 0 1 -1
-1 -1 1 1 -1
-1 -1 -1 1 -1

Chamber 1527:
0 0 0 0 1
0 0 0 1 1
-1 0 0 1 1
-1 -1 -1 1 1
-1 -1 1 1 1

Chamber 1528:
0 0 1 0 0
0 0 1 0 -1
-1 0 1 0 -1
-1 -1 1 1 -1
-1 -1 1 -1 -1

Chamber 1529:
0 0 1 0 0
0 0 1 0 1
-1 0 1 0 1
-1 -1 1 -1 1
-1 -1 1 1 1

Chamber 1530:
0 0 1 0 0
0 0 1 -1 0
-1 0 1 -1 0
-1 1 1 -1 -1
-1 -1 1 -1 -1

Chamber 1531:
0 0 1 0 0
0 0 1 -1 0
-1 0 1 -1 0
-1 -1 1 -1 1
-1 1 1 -1 1

Chamber 1532:
0 0 0 0 -1
0 0 0 -1 -1
-1 0 0 -1 -1
-1 1 1 -1 -1
-1 1 -1 -1 -1

Chamber 1533:
0 0 0 0 1
0 0 0 -1 1
-1 0 0 -1 1
-1 1 -1 -1 1
-1 1 1 -1 1

Chamber 1534:
0 0 1 0 0
0 0 1 0 1
-1 0 1 0 1
-1 1 1 1 1
-1 1 1 -1 1

Chamber 1535:
0 0 1 0 0
0 0 1 0 -1
-1 0 1 0 -1
-1 1 1 -1 -1
-1 1 1 1 -1

Chamber 1536:
0 0 0 -1 0
0 0 0 -1 1
-1 0 0 -1 1
-1 1 -1 -1 1
-1 -1 -1 -1 1

Chamber 1537:
0 0 0 1 0
0 0 0 1 1
-1 0 0 1 1
-1 1 1 1 1
-1 -1 1 1 1

Chamber 1538:
0 0 0 -1 0
0 0 0 -1 -1
-1 0 0 -1 -1
-1 -1 -1 -1 -1
-1 1 -1 -1 -1

Chamber 1539:
0 0 0 1 0
0 0 0 1 -1
-1 0 0 1 -1
-1 -1 1 1 -1
-1 1 1 1 -1

Chamber 1540:
0 0 0 -1 0
0 -1 0 -1 0
-1 -1 0 -1 0
-1 -1 1 -1 1
-1 -1 -1 -1 1

Chamber 1541:
0 0 0 -1 0
0 -1 0 -1 0
-1 -1 0 -1 0
-1 -1 -1 -1 -1
-1 -1 1 -1 -1

Chamber 1542:
0 0 0 0 1
0 -1 0 0 1
-1 -1 0 0 1
-1 -1 -1 1 1
-1 -1 -1 -1 1

Chamber 1543:
0 0 0 0 -1
0 -1 0 0 -1
-1 -1 0 0 -1
-1 -1 -1 -1 -1
-1 -1 -1 1 -1

Chamber 1544:
0 0 0 1 0
0 -1 0 1 0
-1 -1 0 1 0
-1 -1 1 1 -1
-1 -1 -1 1 -1

Chamber 1545:
0 0 0 1 0
0 -1 0 1 0
-1 -1 0 1 0
-1 -1 -1 1 1
-1 -1 1 1 1

Chamber 1546:
0 0 0 0 -1
0 -1 0 0 -1
-1 -1 0 0 -1
-1 -1 1 1 -1
-1 -1 1 -1 -1

Chamber 1547:
0 0 0 0 1
0 -1 0 0 1
-1 -1 0 0 1
-1 -1 1 -1 1
-1 -1 1 1 1

Chamber 1548:
0 0 1 0 0
0 -1 1 0 0
-1 -1 1 0 0
-1 -1 1 -1 1
-1 -1 1 -1 -1

Chamber 1549:
0 0 -1 0 0
0 -1 -1 0 0
0 -1 -1 -1 0
1 -1 -1 -1 1
-1 -1 -1 -1 1

Chamber 1550:
0 0 -1 0 0
0 -1 -1 0 0
0 -1 -1 -1 0
-1 -1 -1 -1 -1
1 -1 -1 -1 -1

Chamber 1551:
0 0 -1 0 0
0 0 -1 0 1
0 0 -1 -1 1
-1 1 -1 -1 1
-1 -1 -1 -1 1

Chamber 1552:
0 0 -1 0 0
0 0 -1 0 -1
0 0 -1 -1 -1
-1 -1 -1 -1 -1
-1 1 -1 -1 -1

Chamber 1553:
0 0 0 0 1
0 -1 0 0 1
0 -1 0 -1 1
-1 -1 1 -1 1
-1 -1 -1 -1 1

Chamber 1554:
0 0 0 0 -1
0 -1 0 0 -1
0 -1 0 -1 -1
-1 -1 -1 -1 -1
-1 -1 1 -1 -1

Chamber 1555:
0 0 -1 0 0
0 -1 -1 0 0
0 -1 -1 0 1
-1 -1 -1 1 1
-1 -1 -1 -1 1

Chamber 1556:
0 0 -1 0 0
0 -1 -1 0 0
0 -1 -1 0 -1
-1 -1 -1 -1 -1
-1 -1 -1 1 -1

Chamber 1557:
0 0 -1 0 0
0 -1 -1 0 0
0 -1 -1 1 0
1 -1 -1 1 -1
-1 -1 -1 1 -1

Chamber 1558:
0 0 -1 0 0
0 -1 -1 0 0
0 -1 -1 1 0
-1 -1 -1 1 1
1 -1 -1 1 1

Chamber 1559:
0 0 -1 0 0
0 0 -1 0 1
0 0 -1 1 1
1 1 -1 1 1
1 -1 -1 1 1

Chamber 1560:
0 0 -1 0 0
0 0 -1 0 -1
0 0 -1 1 -1
1 -1 -1 1 -1
1 1 -1 1 -1

Chamber 1561:
0 0 0 0 1
0 -1 0 0 1
0 -1 0 1 1
1 -1 1 1 1
1 -1 -1 1 1

Chamber 1562:
0 0 0 0 -1
0 -1 0 0 -1
0 -1 0 1 -1
1 -1 -1 1 -1
1 -1 1 1 -1

Chamber 1563:
0 0 -1 0 0
0 -1 -1 0 0
0 -1 -1 0 -1
1 -1 -1 1 -1
1 -1 -1 -1 -1

Chamber 1564:
0 0 -1 0 0
0 -1 -1 0 0
0 -1 -1 0 1
1 -1 -1 -1 1
1 -1 -1 1 1

Chamber 1565:
0 0 -1 0 0
0 0 -1 1 0
0 0 -1 1 -1
1 -1 -1 1 -1
-1 -1 -1 1 -1

Chamber 1566:
0 0 -1 0 0
0 0 -1 -1 0
0 0 -1 -1 -1
1 1 -1 -1 -1
-1 1 -1 -1 -1

Chamber 1567:
0 0 0 1 0
0 -1 0 1 0
0 -1 0 1 -1
1 -1 -1 1 -1
-1 -1 -1 1 -1

Chamber 1568:
0 0 0 -1 0
0 -1 0 -1 0
0 -1 0 -1 -1
1 -1 1 -1 -1
-1 -1 1 -1 -1

Chamber 1569:
0 0 -1 0 0
0 0 -1 1 0
0 0 -1 1 1
-1 -1 -1 1 1
1 -1 -1 1 1

Chamber 1570:
0 0 -1 0 0
0 0 -1 -1 0
0 0 -1 -1 1
-1 1 -1 -1 1
1 1 -1 -1 1

Chamber 1571:
0 0 0 1 0
0 -1 0 1 0
0 -1 0 1 1
-1 -1 -1 1 1
1 -1 -1 1 1

Chamber 1572:
0 0 0 -1 0
0 -1 0 -1 0
0 -1 0 -1 1
-1 -1 1 -1 1
1 -1 1 -1 1

Chamber 1573:
0 0 -1 0 0
0 0 -1 1 0
1 0 -1 1 0
1 1 -1 1 1
1 -1 -1 1 1

Chamber 1574:
0 0 -1 0 0
0 0 -1 1 0
1 0 -1 1 0
1 -1 -1 1 -1
1 1 -1 1 -1

Chamber 1575:
0 0 0 0 1
0 0 0 1 1
1 0 0 1 1
1 -1 1 1 1
1 -1 -1 1 1

Chamber 1576:
0 0 0 0 -1
0 0 0 1 -1
1 0 0 1 -1
1 -1 -1 1 -1
1 -1 1 1 -1

Chamber 1577:
0 0 -1 0 0
0 0 -1 0 -1
1 0 -1 0 -1
1 -1 -1 1 -1
1 -1 -1 -1 -1

Chamber 1578:
0 0 -1 0 0
0 0 -1 0 1
1 0 -1 0 1
1 -1 -1 -1 1
1 -1 -1 1 1

Chamber 1579:
0 0 -1 0 0
0 0 -1 -1 0
1 0 -1 -1 0
1 1 -1 -1 -1
1 -1 -1 -1 -1

Chamber 1580:
0 0 -1 0 0
0 0 -1 -1 0
1 0 -1 -1 0
1 -1 -1 -1 1
1 1 -1 -1 1

Chamber 1581:
0 0 0 0 1
0 0 0 -1 1
1 0 0 -1 1
1 1 1 -1 1
1 1 -1 -1 1

Chamber 1582:
0 0 0 0 -1
0 0 0 -1 -1
1 0 0 -1 -1
1 1 -1 -1 -1
1 1 1 -1 -1

Chamber 1583:
0 0 -1 0 0
0 0 -1 0 1
1 0 -1 0 1
1 1 -1 1 1
1 1 -1 -1 1

Chamber 1584:
0 0 -1 0 0
0 0 -1 0 -1
1 0 -1 0 -1
1 1 -1 -1 -1
1 1 -1 1 -1

Chamber 1585:
0 0 0 1 0
0 0 0 1 1
1 0 0 1 1
1 1 -1 1 1
1 -1 -1 1 1

Chamber 1586:
0 0 0 -1 0
0 0 0 -1 1
1 0 0 -1 1
1 1 1 -1 1
1 -1 1 -1 1

Chamber 1587:
0 0 0 1 0
0 0 0 1 -1
1 0 0 1 -1
1 -1 -1 1 -1
1 1 -1 1 -1

Chamber 1588:
0 0 0 -1 0
0 0 0 -1 -1
1 0 0 -1 -1
1 -1 1 -1 -1
1 1 1 -1 -1

Chamber 1589:
0 0 0 1 0
0 -1 0 1 0
1 -1 0 1 0
1 -1 1 1 1
1 -1 -1 1 1

Chamber 1590:
0 0 0 1 0
0 -1 0 1 0
1 -1 0 1 0
1 -1 -1 1 -1
1 -1 1 1 -1

Chamber 1591:
0 0 0 0 -1
0 -1 0 0 -1
1 -1 0 0 -1
1 -1 -1 1 -1
1 -1 -1 -1 -1

Chamber 1592:
0 0 0 0 1
0 -1 0 0 1
1 -1 0 0 1
1 -1 -1 -1 1
1 -1 -1 1 1

Chamber 1593:
0 0 0 -1 0
0 -1 0 -1 0
1 -1 0 -1 0
1 -1 1 -1 -1
1 -1 -1 -1 -1

Chamber 1594:
0 0 0 -1 0
0 -1 0 -1 0
1 -1 0 -1 0
1 -1 -1 -1 1
1 -1 1 -1 1

Chamber 1595:
0 0 0 0 1
0 -1 0 0 1
1 -1 0 0 1
1 -1 1 1 1
1 -1 1 -1 1

Chamber 1596:
0 0 0 0 -1
0 -1 0 0 -1
1 -1 0 0 -1
1 -1 1 -1 -1
1 -1 1 1 -1

Chamber 1597:
0 0 -1 0 0
0 -1 -1 0 0
1 -1 -1 0 0
1 -1 -1 -1 1
1 -1 -1 -1 -1

Chamber 1598:
0 0 0 1 0
0 0 1 1 0
0 -1 1 1 0
1 -1 1 1 1
-1 -1 1 1 1

Chamber 1599:
0 0 0 1 0
0 0 -1 1 0
0 1 -1 1 0
1 1 -1 1 1
-1 1 -1 1 1

Chamber 1600:
0 0 0 1 0
0 0 1 1 0
0 -1 1 1 0
-1 -1 1 1 -1
1 -1 1 1 -1

Chamber 1601:
0 0 0 1 0
0 0 -1 1 0
0 1 -1 1 0
-1 1 -1 1 -1
1 1 -1 1 -1

Chamber 1602:
0 0 0 1 0
0 0 1 1 0
0 0 1 1 1
-1 1 1 1 1
-1 -1 1 1 1

Chamber 1603:
0 0 0 1 0
0 0 1 1 0
0 0 1 1 -1
-1 -1 1 1 -1
-1 1 1 1 -1

Chamber 1604:
0 0 0 1 0
0 0 0 1 -1
0 -1 0 1 -1
-1 -1 1 1 -1
-1 -1 -1 1 -1

Chamber 1605:
0 0 0 1 0
0 0 0 1 1
0 -1 0 1 1
-1 -1 -1 1 1
-1 -1 1 1 1

Chamber 1606:
0 0 0 0 -1
0 0 1 0 -1
0 -1 1 0 -1
-1 -1 1 1 -1
-1 -1 1 -1 -1

Chamber 1607:
0 0 0 0 1
0 0 1 0 1
0 -1 1 0 1
-1 -1 1 -1 1
-1 -1 1 1 1

Chamber 1608:
0 0 0 1 0
0 0 -1 1 0
0 0 -1 1 -1
-1 1 -1 1 -1
-1 -1 -1 1 -1

Chamber 1609:
0 0 0 1 0
0 0 -1 1 0
0 0 -1 1 1
-1 -1 -1 1 1
-1 1 -1 1 1

Chamber 1610:
0 0 0 1 0
0 0 0 1 1
0 1 0 1 1
-1 1 1 1 1
-1 1 -1 1 1

Chamber 1611:
0 0 0 1 0
0 0 0 1 -1
0 1 0 1 -1
-1 1 -1 1 -1
-1 1 1 1 -1

Chamber 1612:
0 0 0 0 -1
0 0 -1 0 -1
0 1 -1 0 -1
-1 1 -1 1 -1
-1 1 -1 -1 -1

Chamber 1613:
0 0 0 0 1
0 0 -1 0 1
0 1 -1 0 1
-1 1 -1 -1 1
-1 1 -1 1 1

Chamber 1614:
0 0 0 1 0
0 -1 0 1 0
0 -1 -1 1 0
-1 -1 -1 1 1
-1 -1 -1 1 -1

Chamber 1615:
0 0 0 -1 0
0 0 1 -1 0
0 -1 1 -1 0
1 -1 1 -1 -1
-1 -1 1 -1 -1

Chamber 1616:
0 0 0 -1 0
0 0 -1 -1 0
0 1 -1 -1 0
1 1 -1 -1 -1
-1 1 -1 -1 -1

Chamber 1617:
0 0 0 -1 0
0 0 1 -1 0
0 -1 1 -1 0
-1 -1 1 -1 1
1 -1 1 -1 1

Chamber 1618:
0 0 0 -1 0
0 0 -1 -1 0
0 1 -1 -1 0
-1 1 -1 -1 1
1 1 -1 -1 1

Chamber 1619:
0 0 0 -1 0
0 0 1 -1 0
0 0 1 -1 1
1 1 1 -1 1
1 -1 1 -1 1

Chamber 1620:
0 0 0 -1 0
0 0 1 -1 0
0 0 1 -1 -1
1 -1 1 -1 -1
1 1 1 -1 -1

Chamber 1621:
0 0 0 -1 0
0 0 0 -1 -1
0 -1 0 -1 -1
1 -1 1 -1 -1
1 -1 -1 -1 -1

Chamber 1622:
0 0 0 -1 0
0 0 0 -1 1
0 -1 0 -1 1
1 -1 -1 -1 1
1 -1 1 -1 1

Chamber 1623:
0 0 0 0 1
0 0 1 0 1
0 -1 1 0 1
1 -1 1 1 1
1 -1 1 -1 1

Chamber 1624:
0 0 0 0 -1
0 0 1 0 -1
0 -1 1 0 -1
1 -1 1 -1 -1
1 -1 1 1 -1

Chamber 1625:
0 0 0 -1 0
0 0 -1 -1 0
0 0 -1 -1 -1
1 1 -1 -1 -1
1 -1 -1 -1 -1

Chamber 1626:
0 0 0 -1 0
0 0 -1 -1 0
0 0 -1 -1 1
1 -1 -1 -1 1
1 1 -1 -1 1

Chamber 1627:
0 0 0 -1 0
0 0 0 -1 1
0 1 0 -1 1
1 1 1 -1 1
1 1 -1 -1 1

Chamber 1628:
0 0 0 -1 0
0 0 0 -1 -1
0 1 0 -1 -1
1 1 -1 -1 -1
1 1 1 -1 -1

Chamber 1629:
0 0 0 0 1
0 0 -1 0 1
0 1 -1 0 1
1 1 -1 1 1
1 1 -1 -1 1

Chamber 1630:
0 0 0 0 -1
0 0 -1 0 -1
0 1 -1 0 -1
1 1 -1 -1 -1
1 1 -1 1 -1

Chamber 1631:
0 0 0 -1 0
0 -1 0 -1 0
0 -1 -1 -1 0
1 -1 -1 -1 1
1 -1 -1 -1 -1

Chamber 1632:
0 0 0 0 1
0 0 1 0 1
0 0 1 1 1
1 -1 1 1 1
-1 -1 1 1 1

Chamber 1633:
0 0 0 0 1
0 0 1 0 1
0 0 1 -1 1
1 1 1 -1 1
-1 1 1 -1 1

Chamber 1634:
0 0 0 0 1
0 0 0 -1 1
0 -1 0 -1 1
1 -1 -1 -1 1
-1 -1 -1 -1 1

Chamber 1635:
0 0 0 0 1
0 0 0 1 1
0 -1 0 1 1
1 -1 1 1 1
-1 -1 1 1 1

Chamber 1636:
0 0 0 0 1
0 0 -1 0 1
0 0 -1 -1 1
1 -1 -1 -1 1
-1 -1 -1 -1 1

Chamber 1637:
0 0 0 0 1
0 0 -1 0 1
0 0 -1 1 1
1 1 -1 1 1
-1 1 -1 1 1

Chamber 1638:
0 0 0 0 1
0 0 0 1 1
0 1 0 1 1
1 1 -1 1 1
-1 1 -1 1 1

Chamber 1639:
0 0 0 0 1
0 0 0 -1 1
0 1 0 -1 1
1 1 1 -1 1
-1 1 1 -1 1

Chamber 1640:
0 0 0 0 1
0 -1 0 0 1
0 -1 -1 0 1
1 -1 -1 -1 1
-1 -1 -1 -1 1

Chamber 1641:
0 0 0 0 -1
0 0 1 0 -1
0 0 1 1 -1
-1 -1 1 1 -1
1 -1 1 1 -1

Chamber 1642:
0 0 0 0 -1
0 0 1 0 -1
0 0 1 -1 -1
-1 1 1 -1 -1
1 1 1 -1 -1

Chamber 1643:
0 0 0 0 -1
0 0 0 -1 -1
0 -1 0 -1 -1
-1 -1 -1 -1 -1
1 -1 -1 -1 -1

Chamber 1644:
0 0 0 0 -1
0 0 0 1 -1
0 -1 0 1 -1
-1 -1 1 1 -1
1 -1 1 1 -1

Chamber 1645:
0 0 0 0 -1
0 0 -1 0 -1
0 0 -1 -1 -1
-1 -1 -1 -1 -1
1 -1 -1 -1 -1

Chamber 1646:
0 0 0 0 -1
0 0 -1 0 -1
0 0 -1 1 -1
-1 1 -1 1 -1
1 1 -1 1 -1

Chamber 1647:
0 0 0 0 -1
0 0 0 1 -1
0 1 0 1 -1
-1 1 -1 1 -1
1 1 -1 1 -1

Chamber 1648:
0 0 0 0 -1
0 0 0 -1 -1
0 1 0 -1 -1
-1 1 1 -1 -1
1 1 1 -1 -1

Chamber 1649:
0 0 0 0 -1
0 -1 0 0 -1
0 -1 -1 0 -1
-1 -1 -1 -1 -1
1 -1 -1 -1 -1

Chamber 1650:
-1 0 0 0 0
-1 0 1 0 0
-1 0 1 1 0
-1 1 1 1 1
-1 -1 1 1 1

Chamber 1651:
-1 0 0 0 0
-1 0 1 0 0
-1 0 1 1 0
-1 -1 1 1 -1
-1 1 1 1 -1

Chamber 1652:
-1 0 0 0 0
-1 0 0 0 -1
-1 0 0 1 -1
-1 -1 1 1 -1
-1 -1 -1 1 -1

Chamber 1653:
-1 0 0 0 0
-1 0 0 0 1
-1 0 0 1 1
-1 -1 -1 1 1
-1 -1 1 1 1

Chamber 1654:
-1 0 0 0 0
-1 0 1 0 0
-1 0 1 0 -1
-1 -1 1 1 -1
-1 -1 1 -1 -1

Chamber 1655:
-1 0 0 0 0
-1 0 1 0 0
-1 0 1 0 1
-1 -1 1 -1 1
-1 -1 1 1 1

Chamber 1656:
-1 0 0 0 0
-1 0 1 0 0
-1 0 1 -1 0
-1 1 1 -1 -1
-1 -1 1 -1 -1

Chamber 1657:
-1 0 0 0 0
-1 0 1 0 0
-1 0 1 -1 0
-1 -1 1 -1 1
-1 1 1 -1 1

Chamber 1658:
-1 0 0 0 0
-1 0 0 0 -1
-1 0 0 -1 -1
-1 1 1 -1 -1
-1 1 -1 -1 -1

Chamber 1659:
-1 0 0 0 0
-1 0 0 0 1
-1 0 0 -1 1
-1 1 -1 -1 1
-1 1 1 -1 1

Chamber 1660:
-1 0 0 0 0
-1 0 1 0 0
-1 0 1 0 1
-1 1 1 1 1
-1 1 1 -1 1

Chamber 1661:
-1 0 0 0 0
-1 0 1 0 0
-1 0 1 0 -1
-1 1 1 -1 -1
-1 1 1 1 -1

Chamber 1662:
-1 0 0 0 0
-1 0 0 -1 0
-1 0 0 -1 1
-1 1 -1 -1 1
-1 -1 -1 -1 1

Chamber 1663:
-1 0 0 0 0
-1 0 0 1 0
-1 0 0 1 1
-1 1 1 1 1
-1 -1 1 1 1

Chamber 1664:
-1 0 0 0 0
-1 0 0 -1 0
-1 0 0 -1 -1
-1 -1 -1 -1 -1
-1 1 -1 -1 -1

Chamber 1665:
-1 0 0 0 0
-1 0 0 1 0
-1 0 0 1 -1
-1 -1 1 1 -1
-1 1 1 1 -1

Chamber 1666:
-1 0 0 0 0
-1 0 0 -1 0
-1 -1 0 -1 0
-1 -1 1 -1 1
-1 -1 -1 -1 1

Chamber 1667:
-1 0 0 0 0
-1 0 0 -1 0
-1 -1 0 -1 0
-1 -1 -1 -1 -1
-1 -1 1 -1 -1

Chamber 1668:
-1 0 0 0 0
-1 0 0 0 1
-1 -1 0 0 1
-1 -1 -1 1 1
-1 -1 -1 -1 1

Chamber 1669:
-1 0 0 0 0
-1 0 0 0 -1
-1 -1 0 0 -1
-1 -1 -1 -1 -1
-1 -1 -1 1 -1

Chamber 1670:
-1 0 0 0 0
-1 0 0 1 0
-1 -1 0 1 0
-1 -1 1 1 -1
-1 -1 -1 1 -1

Chamber 1671:
-1 0 0 0 0
-1 0 0 1 0
-1 -1 0 1 0
-1 -1 -1 1 1
-1 -1 1 1 1

Chamber 1672:
-1 0 0 0 0
-1 0 0 0 -1
-1 -1 0 0 -1
-1 -1 1 1 -1
-1 -1 1 -1 -1

Chamber 1673:
-1 0 0 0 0
-1 0 0 0 1
-1 -1 0 0 1
-1 -1 1 -1 1
-1 -1 1 1 1

Chamber 1674:
-1 0 0 0 0
-1 0 1 0 0
-1 -1 1 0 0
-1 -1 1 -1 1
-1 -1 1 -1 -1

Chamber 1675:
-1 0 0 0 0
-1 0 -1 0 0
-1 0 -1 -1 0
-1 1 -1 -1 1
-1 -1 -1 -1 1

Chamber 1676:
-1 0 0 0 0
-1 0 -1 0 0
-1 0 -1 -1 0
-1 -1 -1 -1 -1
-1 1 -1 -1 -1

Chamber 1677:
-1 0 0 0 0
-1 0 0 0 1
-1 0 0 -1 1
-1 -1 1 -1 1
-1 -1 -1 -1 1

Chamber 1678:
-1 0 0 0 0
-1 0 0 0 -1
-1 0 0 -1 -1
-1 -1 -1 -1 -1
-1 -1 1 -1 -1

Chamber 1679:
-1 0 0 0 0
-1 0 -1 0 0
-1 0 -1 0 1
-1 -1 -1 1 1
-1 -1 -1 -1 1

Chamber 1680:
-1 0 0 0 0
-1 0 -1 0 0
-1 0 -1 0 -1
-1 -1 -1 -1 -1
-1 -1 -1 1 -1

Chamber 1681:
-1 0 0 0 0
-1 0 -1 0 0
-1 0 -1 1 0
-1 1 -1 1 -1
-1 -1 -1 1 -1

Chamber 1682:
-1 0 0 0 0
-1 0 -1 0 0
-1 0 -1 1 0
-1 -1 -1 1 1
-1 1 -1 1 1

Chamber 1683:
-1 0 0 0 0
-1 0 0 0 1
-1 0 0 1 1
-1 1 1 1 1
-1 1 -1 1 1

Chamber 1684:
-1 0 0 0 0
-1 0 0 0 -1
-1 0 0 1 -1
-1 1 -1 1 -1
-1 1 1 1 -1

Chamber 1685:
-1 0 0 0 0
-1 0 -1 0 0
-1 0 -1 0 -1
-1 1 -1 1 -1
-1 1 -1 -1 -1

Chamber 1686:
-1 0 0 0 0
-1 0 -1 0 0
-1 0 -1 0 1
-1 1 -1 -1 1
-1 1 -1 1 1

Chamber 1687:
-1 0 0 0 0
-1 0 0 1 0
-1 0 0 1 -1
-1 1 -1 1 -1
-1 -1 -1 1 -1

Chamber 1688:
-1 0 0 0 0
-1 0 0 -1 0
-1 0 0 -1 -1
-1 1 1 -1 -1
-1 -1 1 -1 -1

Chamber 1689:
-1 0 0 0 0
-1 0 0 1 0
-1 0 0 1 1
-1 -1 -1 1 1
-1 1 -1 1 1

Chamber 1690:
-1 0 0 0 0
-1 0 0 -1 0
-1 0 0 -1 1
-1 -1 1 -1 1
-1 1 1 -1 1

Chamber 1691:
-1 0 0 0 0
-1 0 0 1 0
-1 1 0 1 0
-1 1 1 1 1
-1 1 -1 1 1

Chamber 1692:
-1 0 0 0 0
-1 0 0 1 0
-1 1 0 1 0
-1 1 -1 1 -1
-1 1 1 1 -1

Chamber 1693:
-1 0 0 0 0
-1 0 0 0 -1
-1 1 0 0 -1
-1 1 -1 1 -1
-1 1 -1 -1 -1

Chamber 1694:
-1 0 0 0 0
-1 0 0 0 1
-1 1 0 0 1
-1 1 -1 -1 1
-1 1 -1 1 1

Chamber 1695:
-1 0 0 0 0
-1 0 0 -1 0
-1 1 0 -1 0
-1 1 1 -1 -1
-1 1 -1 -1 -1

Chamber 1696:
-1 0 0 0 0
-1 0 0 -1 0
-1 1 0 -1 0
-1 1 -1 -1 1
-1 1 1 -1 1

Chamber 1697:
-1 0 0 0 0
-1 0 0 0 1
-1 1 0 0 1
-1 1 1 1 1
-1 1 1 -1 1

Chamber 1698:
-1 0 0 0 0
-1 0 0 0 -1
-1 1 0 0 -1
-1 1 1 -1 -1
-1 1 1 1 -1

Chamber 1699:
-1 0 0 0 0
-1 0 -1 0 0
-1 1 -1 0 0
-1 1 -1 -1 1
-1 1 -1 -1 -1

Chamber 1700:
-1 0 0 0 0
-1 0 0 1 0
-1 0 -1 1 0
-1 -1 -1 1 1
-1 -1 -1 1 -1

Chamber 1701:
-1 0 0 0 0
-1 0 0 -1 0
-1 0 -1 -1 0
-1 1 -1 -1 1
-1 1 -1 -1 -1

Chamber 1702:
-1 0 0 0 0
-1 0 0 0 1
-1 0 -1 0 1
-1 1 -1 -1 1
-1 -1 -1 -1 1

Chamber 1703:
-1 0 0 0 0
-1 0 0 0 -1
-1 0 -1 0 -1
-1 -1 -1 -1 -1
-1 1 -1 -1 -1

Chamber 1704:
-1 0 0 0 0
-1 -1 0 0 0
-1 -1 0 0 1
-1 -1 1 -1 1
-1 -1 -1 -1 1

Chamber 1705:
-1 0 0 0 0
-1 -1 0 0 0
-1 -1 0 0 -1
-1 -1 -1 -1 -1
-1 -1 1 -1 -1

Chamber 1706:
-1 0 0 0 0
-1 -1 0 0 0
-1 -1 -1 0 0
-1 -1 -1 1 1
-1 -1 -1 -1 1

Chamber 1707:
-1 0 0 0 0
-1 -1 0 0 0
-1 -1 -1 0 0
-1 -1 -1 -1 -1
-1 -1 -1 1 -1

Chamber 1708:
-1 0 0 0 0
-1 -1 0 0 0
-1 -1 0 -1 0
-1 -1 1 -1 1
-1 -1 1 -1 -1

Chamber 1709:
-1 0 0 0 0
-1 -1 0 0 0
-1 -1 0 1 0
-1 -1 -1 1 1
-1 -1 -1 1 -1

Chamber 1710:
0 -1 0 0 0
0 -1 0 -1 0
0 -1 -1 -1 0
1 -1 -1 -1 1
-1 -1 -1 -1 1

Chamber 1711:
0 -1 0 0 0
0 -1 0 -1 0
0 -1 -1 -1 0
-1 -1 -1 -1 -1
1 -1 -1 -1 -1

Chamber 1712:
0 0 0 0 1
0 0 0 -1 1
0 0 -1 -1 1
-1 1 -1 -1 1
-1 -1 -1 -1 1

Chamber 1713:
0 0 0 0 -1
0 0 0 -1 -1
0 0 -1 -1 -1
-1 -1 -1 -1 -1
-1 1 -1 -1 -1

Chamber 1714:
0 -1 0 0 0
0 -1 0 -1 0
0 -1 0 -1 1
-1 -1 1 -1 1
-1 -1 -1 -1 1

Chamber 1715:
0 -1 0 0 0
0 -1 0 -1 0
0 -1 0 -1 -1
-1 -1 -1 -1 -1
-1 -1 1 -1 -1

Chamber 1716:
0 -1 0 0 0
0 -1 0 0 1
0 -1 -1 0 1
-1 -1 -1 1 1
-1 -1 -1 -1 1

Chamber 1717:
0 -1 0 0 0
0 -1 0 0 -1
0 -1 -1 0 -1
-1 -1 -1 -1 -1
-1 -1 -1 1 -1

Chamber 1718:
0 -1 0 0 0
0 -1 0 1 0
0 -1 -1 1 0
1 -1 -1 1 -1
-1 -1 -1 1 -1

Chamber 1719:
0 -1 0 0 0
0 -1 0 1 0
0 -1 -1 1 0
-1 -1 -1 1 1
1 -1 -1 1 1

Chamber 1720:
0 0 0 0 1
0 0 0 1 1
0 0 -1 1 1
1 1 -1 1 1
1 -1 -1 1 1

Chamber 1721:
0 0 0 0 -1
0 0 0 1 -1
0 0 -1 1 -1
1 -1 -1 1 -1
1 1 -1 1 -1

Chamber 1722:
0 -1 0 0 0
0 -1 0 1 0
0 -1 0 1 1
1 -1 1 1 1
1 -1 -1 1 1

Chamber 1723:
0 -1 0 0 0
0 -1 0 1 0
0 -1 0 1 -1
1 -1 -1 1 -1
1 -1 1 1 -1

Chamber 1724:
0 -1 0 0 0
0 -1 0 0 -1
0 -1 -1 0 -1
1 -1 -1 1 -1
1 -1 -1 -1 -1

Chamber 1725:
0 -1 0 0 0
0 -1 0 0 1
0 -1 -1 0 1
1 -1 -1 -1 1
1 -1 -1 1 1

Chamber 1726:
0 0 0 1 0
0 0 0 1 -1
0 0 -1 1 -1
1 -1 -1 1 -1
-1 -1 -1 1 -1

Chamber 1727:
0 0 0 -1 0
0 0 0 -1 -1
0 0 -1 -1 -1
1 1 -1 -1 -1
-1 1 -1 -1 -1

Chamber 1728:
0 -1 0 0 0
0 -1 0 0 -1
0 -1 0 1 -1
1 -1 -1 1 -1
-1 -1 -1 1 -1

Chamber 1729:
0 -1 0 0 0
0 -1 0 0 -1
0 -1 0 -1 -1
1 -1 1 -1 -1
-1 -1 1 -1 -1

Chamber 1730:
0 0 0 1 0
0 0 0 1 1
0 0 -1 1 1
-1 -1 -1 1 1
1 -1 -1 1 1

Chamber 1731:
0 0 0 -1 0
0 0 0 -1 1
0 0 -1 -1 1
-1 1 -1 -1 1
1 1 -1 -1 1

Chamber 1732:
0 -1 0 0 0
0 -1 0 0 1
0 -1 0 1 1
-1 -1 -1 1 1
1 -1 -1 1 1

Chamber 1733:
0 -1 0 0 0
0 -1 0 0 1
0 -1 0 -1 1
-1 -1 1 -1 1
1 -1 1 -1 1

Chamber 1734:
0 0 0 1 0
1 0 0 1 0
1 0 -1 1 0
1 1 -1 1 1
1 -1 -1 1 1

Chamber 1735:
0 0 0 1 0
1 0 0 1 0
1 0 -1 1 0
1 -1 -1 1 -1
1 1 -1 1 -1

Chamber 1736:
0 0 0 1 0
1 0 0 1 0
1 0 0 1 1
1 -1 1 1 1
1 -1 -1 1 1

Chamber 1737:
0 0 0 1 0
1 0 0 1 0
1 0 0 1 -1
1 -1 -1 1 -1
1 -1 1 1 -1

Chamber 1738:
0 0 0 0 -1
1 0 0 0 -1
1 0 -1 0 -1
1 -1 -1 1 -1
1 -1 -1 -1 -1

Chamber 1739:
0 0 0 0 1
1 0 0 0 1
1 0 -1 0 1
1 -1 -1 -1 1
1 -1 -1 1 1

Chamber 1740:
0 0 0 -1 0
1 0 0 -1 0
1 0 -1 -1 0
1 1 -1 -1 -1
1 -1 -1 -1 -1

Chamber 1741:
0 0 0 -1 0
1 0 0 -1 0
1 0 -1 -1 0
1 -1 -1 -1 1
1 1 -1 -1 1

Chamber 1742:
0 0 0 -1 0
1 0 0 -1 0
1 0 0 -1 1
1 1 1 -1 1
1 1 -1 -1 1

Chamber 1743:
0 0 0 -1 0
1 0 0 -1 0
1 0 0 -1 -1
1 1 -1 -1 -1
1 1 1 -1 -1

Chamber 1744:
0 0 0 0 1
1 0 0 0 1
1 0 -1 0 1
1 1 -1 1 1
1 1 -1 -1 1

Chamber 1745:
0 0 0 0 -1
1 0 0 0 -1
1 0 -1 0 -1
1 1 -1 -1 -1
1 1 -1 1 -1

Chamber 1746:
0 0 0 0 1
1 0 0 0 1
1 0 0 1 1
1 1 -1 1 1
1 -1 -1 1 1

Chamber 1747:
0 0 0 0 1
1 0 0 0 1
1 0 0 -1 1
1 1 1 -1 1
1 -1 1 -1 1

Chamber 1748:
0 0 0 0 -1
1 0 0 0 -1
1 0 0 1 -1
1 -1 -1 1 -1
1 1 -1 1 -1

Chamber 1749:
0 0 0 0 -1
1 0 0 0 -1
1 0 0 -1 -1
1 -1 1 -1 -1
1 1 1 -1 -1

Chamber 1750:
0 -1 0 0 0
1 -1 0 0 0
1 -1 0 1 0
1 -1 1 1 1
1 -1 -1 1 1

Chamber 1751:
0 -1 0 0 0
1 -1 0 0 0
1 -1 0 1 0
1 -1 -1 1 -1
1 -1 1 1 -1

Chamber 1752:
0 -1 0 0 0
1 -1 0 0 0
1 -1 0 0 -1
1 -1 -1 1 -1
1 -1 -1 -1 -1

Chamber 1753:
0 -1 0 0 0
1 -1 0 0 0
1 -1 0 0 1
1 -1 -1 -1 1
1 -1 -1 1 1

Chamber 1754:
0 -1 0 0 0
1 -1 0 0 0
1 -1 0 -1 0
1 -1 1 -1 -1
1 -1 -1 -1 -1

Chamber 1755:
0 -1 0 0 0
1 -1 0 0 0
1 -1 0 -1 0
1 -1 -1 -1 1
1 -1 1 -1 1

Chamber 1756:
0 -1 0 0 0
1 -1 0 0 0
1 -1 0 0 1
1 -1 1 1 1
1 -1 1 -1 1

Chamber 1757:
0 -1 0 0 0
1 -1 0 0 0
1 -1 0 0 -1
1 -1 1 -1 -1
1 -1 1 1 -1

Chamber 1758:
0 -1 0 0 0
1 -1 0 0 0
1 -1 -1 0 0
1 -1 -1 -1 1
1 -1 -1 -1 -1

Chamber 1759:
0 -1 0 0 0
0 -1 1 0 0
0 -1 1 0 -1
1 -1 1 -1 -1
-1 -1 1 -1 -1

Chamber 1760:
0 -1 0 0 0
0 -1 1 0 0
0 -1 1 0 1
-1 -1 1 -1 1
1 -1 1 -1 1

Chamber 1761:
0 0 0 0 1
0 0 1 0 1
1 0 1 0 1
1 1 1 -1 1
1 -1 1 -1 1

Chamber 1762:
0 0 0 0 -1
0 0 1 0 -1
1 0 1 0 -1
1 -1 1 -1 -1
1 1 1 -1 -1

Chamber 1763:
0 -1 0 0 0
0 -1 0 0 -1
1 -1 0 0 -1
1 -1 1 -1 -1
1 -1 -1 -1 -1

Chamber 1764:
0 -1 0 0 0
0 -1 0 0 1
1 -1 0 0 1
1 -1 -1 -1 1
1 -1 1 -1 1

Chamber 1765:
0 -1 0 0 0
0 -1 1 0 0
1 -1 1 0 0
1 -1 1 1 1
1 -1 1 -1 1

Chamber 1766:
0 -1 0 0 0
0 -1 1 0 0
1 -1 1 0 0
1 -1 1 -1 -1
1 -1 1 1 -1

Chamber 1767:
0 -1 0 0 0
0 -1 1 0 0
0 -1 1 1 0
1 -1 1 1 1
1 -1 1 1 -1

Chamber 1768:
0 1 0 0 0
0 1 1 0 0
0 1 1 1 0
-1 1 1 1 1
-1 1 1 1 -1

Chamber 1769:
0 -1 0 0 0
0 -1 -1 0 0
0 -1 -1 1 0
-1 -1 -1 1 1
-1 -1 -1 1 -1

Chamber 1770:
0 -1 0 0 0
0 -1 1 0 0
0 -1 1 -1 0
-1 -1 1 -1 1
-1 -1 1 -1 -1

Chamber 1771:
0 1 0 0 0
0 1 1 0 0
0 1 1 -1 0
1 1 1 -1 1
1 1 1 -1 -1

Chamber 1772:
0 -1 0 0 0
0 -1 -1 0 0
0 -1 -1 -1 0
1 -1 -1 -1 1
1 -1 -1 -1 -1

Chamber 1773:
0 0 0 1 0
0 0 1 1 0
1 0 1 1 0
1 -1 1 1 1
1 -1 1 1 -1

Chamber 1774:
0 0 0 -1 0
0 0 1 -1 0
1 0 1 -1 0
1 1 1 -1 1
1 1 1 -1 -1

Chamber 1775:
0 -1 0 0 0
0 -1 0 -1 0
1 -1 0 -1 0
1 -1 -1 -1 1
1 -1 -1 -1 -1

Chamber 1776:
0 -1 0 0 0
0 -1 0 1 0
1 -1 0 1 0
1 -1 1 1 1
1 -1 1 1 -1

Chamber 1777:
0 1 0 0 0
0 1 1 0 0
0 1 1 0 1
1 1 1 -1 1
-1 1 1 -1 1

Chamber 1778:
0 -1 0 0 0
0 -1 -1 0 0
0 -1 -1 0 1
1 -1 -1 -1 1
-1 -1 -1 -1 1

Chamber 1779:
0 1 0 0 0
0 1 1 0 0
0 1 1 0 -1
-1 1 1 -1 -1
1 1 1 -1 -1

Chamber 1780:
0 -1 0 0 0
0 -1 -1 0 0
0 -1 -1 0 -1
-1 -1 -1 -1 -1
1 -1 -1 -1 -1

Chamber 1781:
0 0 0 0 -1
0 0 1 0 -1
-1 0 1 0 -1
-1 1 1 -1 -1
-1 -1 1 -1 -1

Chamber 1782:
0 0 0 0 1
0 0 1 0 1
-1 0 1 0 1
-1 -1 1 -1 1
-1 1 1 -1 1

Chamber 1783:
0 1 0 0 0
0 1 0 0 -1
-1 1 0 0 -1
-1 1 1 -1 -1
-1 1 -1 -1 -1

Chamber 1784:
0 1 0 0 0
0 1 0 0 1
-1 1 0 0 1
-1 1 -1 -1 1
-1 1 1 -1 1

Chamber 1785:
0 1 0 0 0
0 1 1 0 0
-1 1 1 0 0
-1 1 1 1 1
-1 1 1 -1 1

Chamber 1786:
0 1 0 0 0
0 1 1 0 0
-1 1 1 0 0
-1 1 1 -1 -1
-1 1 1 1 -1

Chamber 1787:
0 0 0 1 0
0 0 1 1 0
-1 0 1 1 0
-1 1 1 1 1
-1 1 1 1 -1

Chamber 1788:
0 0 0 1 0
0 0 -1 1 0
-1 0 -1 1 0
-1 -1 -1 1 1
-1 -1 -1 1 -1

Chamber 1789:
0 0 0 -1 0
0 0 1 -1 0
-1 0 1 -1 0
-1 -1 1 -1 1
-1 -1 1 -1 -1

Chamber 1790:
0 0 0 -1 0
0 0 -1 -1 0
-1 0 -1 -1 0
-1 1 -1 -1 1
-1 1 -1 -1 -1

Chamber 1791:
0 1 0 0 0
0 1 0 -1 0
-1 1 0 -1 0
-1 1 -1 -1 1
-1 1 -1 -1 -1

Chamber 1792:
0 1 0 0 0
0 1 0 1 0
-1 1 0 1 0
-1 1 1 1 1
-1 1 1 1 -1

Chamber 1793:
0 0 0 0 1
0 0 -1 0 1
-1 0 -1 0 1
-1 1 -1 -1 1
-1 -1 -1 -1 1

Chamber 1794:
0 0 0 0 -1
0 0 -1 0 -1
-1 0 -1 0 -1
-1 -1 -1 -1 -1
-1 1 -1 -1 -1

Chamber 1795:
0 -1 0 0 0
0 -1 0 0 1
-1 -1 0 0 1
-1 -1 1 -1 1
-1 -1 -1 -1 1

Chamber 1796:
0 -1 0 0 0
0 -1 0 0 -1
-1 -1 0 0 -1
-1 -1 -1 -1 -1
-1 -1 1 -1 -1

Chamber 1797:
0 -1 0 0 0
0 -1 -1 0 0
-1 -1 -1 0 0
-1 -1 -1 1 1
-1 -1 -1 -1 1

Chamber 1798:
0 -1 0 0 0
0 -1 -1 0 0
-1 -1 -1 0 0
-1 -1 -1 -1 -1
-1 -1 -1 1 -1

Chamber 1799:
0 -1 0 0 0
0 -1 0 -1 0
-1 -1 0 -1 0
-1 -1 1 -1 1
-1 -1 1 -1 -1

Chamber 1800:
0 -1 0 0 0
0 -1 0 1 0
-1 -1 0 1 0
-1 -1 -1 1 1
-1 -1 -1 1 -1

Chamber 1801:
0 1 0 0 0
0 1 -1 0 0
0 1 -1 -1 0
-1 1 -1 -1 1
-1 1 -1 -1 -1

Chamber 1802:
0 1 0 0 0
0 1 -1 0 0
0 1 -1 1 0
1 1 -1 1 1
1 1 -1 1 -1

Chamber 1803:
0 1 0 0 0
0 1 -1 0 0
0 1 -1 0 -1
1 1 -1 -1 -1
-1 1 -1 -1 -1

Chamber 1804:
0 1 0 0 0
0 1 -1 0 0
0 1 -1 0 1
-1 1 -1 -1 1
1 1 -1 -1 1

Chamber 1805:
0 0 0 0 -1
0 0 -1 0 -1
1 0 -1 0 -1
1 1 -1 -1 -1
1 -1 -1 -1 -1

Chamber 1806:
0 0 0 0 1
0 0 -1 0 1
1 0 -1 0 1
1 -1 -1 -1 1
1 1 -1 -1 1

Chamber 1807:
0 1 0 0 0
0 1 0 0 1
1 1 0 0 1
1 1 1 -1 1
1 1 -1 -1 1

Chamber 1808:
0 1 0 0 0
0 1 0 0 -1
1 1 0 0 -1
1 1 -1 -1 -1
1 1 1 -1 -1

Chamber 1809:
0 1 0 0 0
0 1 -1 0 0
1 1 -1 0 0
1 1 -1 1 1
1 1 -1 -1 1

Chamber 1810:
0 1 0 0 0
0 1 -1 0 0
1 1 -1 0 0
1 1 -1 -1 -1
1 1 -1 1 -1

Chamber 1811:
0 0 0 1 0
0 0 -1 1 0
1 0 -1 1 0
1 1 -1 1 1
1 1 -1 1 -1

Chamber 1812:
0 0 0 -1 0
0 0 -1 -1 0
1 0 -1 -1 0
1 -1 -1 -1 1
1 -1 -1 -1 -1

Chamber 1813:
0 1 0 0 0
0 1 0 1 0
1 1 0 1 0
1 1 -1 1 1
1 1 -1 1 -1

Chamber 1814:
0 1 0 0 0
0 1 0 -1 0
1 1 0 -1 0
1 1 1 -1 1
1 1 1 -1 -1

Chamber 1815:
0 0 1 0 0
0 0 1 0 -1
0 -1 1 0 -1
1 -1 1 -1 -1
-1 -1 1 -1 -1

Chamber 1816:
0 0 -1 0 0
0 0 -1 0 -1
0 1 -1 0 -1
1 1 -1 -1 -1
-1 1 -1 -1 -1

Chamber 1817:
0 0 1 0 0
0 0 1 0 1
0 -1 1 0 1
-1 -1 1 -1 1
1 -1 1 -1 1

Chamber 1818:
0 0 -1 0 0
0 0 -1 0 1
0 1 -1 0 1
-1 1 -1 -1 1
1 1 -1 -1 1

Chamber 1819:
0 0 1 0 0
1 0 1 0 0
1 0 1 0 1
1 1 1 -1 1
1 -1 1 -1 1

Chamber 1820:
0 0 1 0 0
1 0 1 0 0
1 0 1 0 -1
1 -1 1 -1 -1
1 1 1 -1 -1

Chamber 1821:
0 0 0 0 -1
1 0 0 0 -1
1 -1 0 0 -1
1 -1 1 -1 -1
1 -1 -1 -1 -1

Chamber 1822:
0 0 0 0 1
1 0 0 0 1
1 -1 0 0 1
1 -1 -1 -1 1
1 -1 1 -1 1

Chamber 1823:
0 0 1 0 0
1 0 1 0 0
1 -1 1 0 0
1 -1 1 1 1
1 -1 1 -1 1

Chamber 1824:
0 0 1 0 0
1 0 1 0 0
1 -1 1 0 0
1 -1 1 -1 -1
1 -1 1 1 -1

Chamber 1825:
0 0 -1 0 0
1 0 -1 0 0
1 0 -1 0 -1
1 1 -1 -1 -1
1 -1 -1 -1 -1

Chamber 1826:
0 0 -1 0 0
1 0 -1 0 0
1 0 -1 0 1
1 -1 -1 -1 1
1 1 -1 -1 1

Chamber 1827:
0 0 0 0 1
1 0 0 0 1
1 1 0 0 1
1 1 1 -1 1
1 1 -1 -1 1

Chamber 1828:
0 0 0 0 -1
1 0 0 0 -1
1 1 0 0 -1
1 1 -1 -1 -1
1 1 1 -1 -1

Chamber 1829:
0 0 -1 0 0
1 0 -1 0 0
1 1 -1 0 0
1 1 -1 1 1
1 1 -1 -1 1

Chamber 1830:
0 0 -1 0 0
1 0 -1 0 0
1 1 -1 0 0
1 1 -1 -1 -1
1 1 -1 1 -1

Chamber 1831:
0 0 1 0 0
0 0 1 1 0
0 -1 1 1 0
1 -1 1 1 1
1 -1 1 1 -1

Chamber 1832:
0 0 -1 0 0
0 0 -1 1 0
0 1 -1 1 0
1 1 -1 1 1
1 1 -1 1 -1

Chamber 1833:
0 1 0 0 0
0 1 0 1 0
0 1 -1 1 0
1 1 -1 1 1
-1 1 -1 1 1

Chamber 1834:
0 1 0 0 0
0 1 0 1 0
0 1 -1 1 0
-1 1 -1 1 -1
1 1 -1 1 -1

Chamber 1835:
0 0 0 0 -1
0 0 0 1 -1
0 0 -1 1 -1
-1 1 -1 1 -1
-1 -1 -1 1 -1

Chamber 1836:
0 0 0 0 1
0 0 0 1 1
0 0 -1 1 1
-1 -1 -1 1 1
-1 1 -1 1 1

Chamber 1837:
0 1 0 0 0
0 1 0 1 0
0 1 0 1 1
-1 1 1 1 1
-1 1 -1 1 1

Chamber 1838:
0 1 0 0 0
0 1 0 1 0
0 1 0 1 -1
-1 1 -1 1 -1
-1 1 1 1 -1

Chamber 1839:
0 1 0 0 0
0 1 0 0 -1
0 1 -1 0 -1
-1 1 -1 1 -1
-1 1 -1 -1 -1

Chamber 1840:
0 1 0 0 0
0 1 0 0 1
0 1 -1 0 1
-1 1 -1 -1 1
-1 1 -1 1 1

Chamber 1841:
0 0 1 0 0
0 0 1 1 0
0 1 1 1 0
-1 1 1 1 1
-1 1 1 1 -1

Chamber 1842:
0 0 -1 0 0
0 0 -1 1 0
0 -1 -1 1 0
-1 -1 -1 1 1
-1 -1 -1 1 -1

Chamber 1843:
0 0 1 0 0
0 0 1 -1 0
0 -1 1 -1 0
-1 -1 1 -1 1
-1 -1 1 -1 -1

Chamber 1844:
0 0 -1 0 0
0 0 -1 -1 0
0 1 -1 -1 0
-1 1 -1 -1 1
-1 1 -1 -1 -1

Chamber 1845:
0 1 0 0 0
0 1 0 -1 0
0 1 -1 -1 0
1 1 -1 -1 -1
-1 1 -1 -1 -1

Chamber 1846:
0 1 0 0 0
0 1 0 -1 0
0 1 -1 -1 0
-1 1 -1 -1 1
1 1 -1 -1 1

Chamber 1847:
0 0 0 0 -1
0 0 0 -1 -1
0 0 -1 -1 -1
1 1 -1 -1 -1
1 -1 -1 -1 -1

Chamber 1848:
0 0 0 0 1
0 0 0 -1 1
0 0 -1 -1 1
1 -1 -1 -1 1
1 1 -1 -1 1

Chamber 1849:
0 1 0 0 0
0 1 0 -1 0
0 1 0 -1 1
1 1 1 -1 1
1 1 -1 -1 1

Chamber 1850:
0 1 0 0 0
0 1 0 -1 0
0 1 0 -1 -1
1 1 -1 -1 -1
1 1 1 -1 -1

Chamber 1851:
0 1 0 0 0
0 1 0 0 1
0 1 -1 0 1
1 1 -1 1 1
1 1 -1 -1 1

Chamber 1852:
0 1 0 0 0
0 1 0 0 -1
0 1 -1 0 -1
1 1 -1 -1 -1
1 1 -1 1 -1

Chamber 1853:
0 0 1 0 0
0 0 1 -1 0
0 1 1 -1 0
1 1 1 -1 1
1 1 1 -1 -1

Chamber 1854:
0 0 -1 0 0
0 0 -1 -1 0
0 -1 -1 -1 0
1 -1 -1 -1 1
1 -1 -1 -1 -1

Chamber 1855:
0 0 1 0 0
1 0 1 0 0
1 0 1 1 0
1 -1 1 1 1
1 -1 1 1 -1

Chamber 1856:
0 0 1 0 0
1 0 1 0 0
1 0 1 -1 0
1 1 1 -1 1
1 1 1 -1 -1

Chamber 1857:
0 0 0 -1 0
1 0 0 -1 0
1 -1 0 -1 0
1 -1 -1 -1 1
1 -1 -1 -1 -1

Chamber 1858:
0 0 0 1 0
1 0 0 1 0
1 -1 0 1 0
1 -1 1 1 1
1 -1 1 1 -1

Chamber 1859:
0 0 -1 0 0
1 0 -1 0 0
1 0 -1 -1 0
1 -1 -1 -1 1
1 -1 -1 -1 -1

Chamber 1860:
0 0 -1 0 0
1 0 -1 0 0
1 0 -1 1 0
1 1 -1 1 1
1 1 -1 1 -1

Chamber 1861:
0 0 0 1 0
1 0 0 1 0
1 1 0 1 0
1 1 -1 1 1
1 1 -1 1 -1

Chamber 1862:
0 0 0 -1 0
1 0 0 -1 0
1 1 0 -1 0
1 1 1 -1 1
1 1 1 -1 -1

Chamber 1863:
0 0 0 -1 0
0 0 0 -1 1
0 0 -1 -1 1
1 -1 -1 -1 1
-1 -1 -1 -1 1

Chamber 1864:
0 0 0 1 0
0 0 0 1 1
0 0 -1 1 1
1 1 -1 1 1
-1 1 -1 1 1

Chamber 1865:
0 1 0 0 0
0 1 0 0 1
0 1 0 1 1
1 1 -1 1 1
-1 1 -1 1 1

Chamber 1866:
0 1 0 0 0
0 1 0 0 1
0 1 0 -1 1
1 1 1 -1 1
-1 1 1 -1 1

Chamber 1867:
0 0 1 0 0
0 0 1 0 1
0 1 1 0 1
1 1 1 -1 1
-1 1 1 -1 1

Chamber 1868:
0 0 -1 0 0
0 0 -1 0 1
0 -1 -1 0 1
1 -1 -1 -1 1
-1 -1 -1 -1 1

Chamber 1869:
0 0 0 -1 0
0 0 0 -1 -1
0 0 -1 -1 -1
-1 -1 -1 -1 -1
1 -1 -1 -1 -1

Chamber 1870:
0 0 0 1 0
0 0 0 1 -1
0 0 -1 1 -1
-1 1 -1 1 -1
1 1 -1 1 -1

Chamber 1871:
0 1 0 0 0
0 1 0 0 -1
0 1 0 1 -1
-1 1 -1 1 -1
1 1 -1 1 -1

Chamber 1872:
0 1 0 0 0
0 1 0 0 -1
0 1 0 -1 -1
-1 1 1 -1 -1
1 1 1 -1 -1

Chamber 1873:
0 0 1 0 0
0 0 1 0 -1
0 1 1 0 -1
-1 1 1 -1 -1
1 1 1 -1 -1

Chamber 1874:
0 0 -1 0 0
0 0 -1 0 -1
0 -1 -1 0 -1
-1 -1 -1 -1 -1
1 -1 -1 -1 -1

Chamber 1875:
0 0 0 -1 0
-1 0 0 -1 0
-1 0 -1 -1 0
-1 1 -1 -1 1
-1 -1 -1 -1 1

Chamber 1876:
0 0 0 -1 0
-1 0 0 -1 0
-1 0 -1 -1 0
-1 -1 -1 -1 -1
-1 1 -1 -1 -1

Chamber 1877:
0 0 0 -1 0
-1 0 0 -1 0
-1 0 0 -1 1
-1 -1 1 -1 1
-1 -1 -1 -1 1

Chamber 1878:
0 0 0 -1 0
-1 0 0 -1 0
-1 0 0 -1 -1
-1 -1 -1 -1 -1
-1 -1 1 -1 -1

Chamber 1879:
0 0 0 0 1
-1 0 0 0 1
-1 0 -1 0 1
-1 -1 -1 1 1
-1 -1 -1 -1 1

Chamber 1880:
0 0 0 0 -1
-1 0 0 0 -1
-1 0 -1 0 -1
-1 -1 -1 -1 -1
-1 -1 -1 1 -1

Chamber 1881:
0 0 0 1 0
-1 0 0 1 0
-1 0 -1 1 0
-1 1 -1 1 -1
-1 -1 -1 1 -1

Chamber 1882:
0 0 0 1 0
-1 0 0 1 0
-1 0 -1 1 0
-1 -1 -1 1 1
-1 1 -1 1 1

Chamber 1883:
0 0 0 1 0
-1 0 0 1 0
-1 0 0 1 1
-1 1 1 1 1
-1 1 -1 1 1

Chamber 1884:
0 0 0 1 0
-1 0 0 1 0
-1 0 0 1 -1
-1 1 -1 1 -1
-1 1 1 1 -1

Chamber 1885:
0 0 0 0 -1
-1 0 0 0 -1
-1 0 -1 0 -1
-1 1 -1 1 -1
-1 1 -1 -1 -1

Chamber 1886:
0 0 0 0 1
-1 0 0 0 1
-1 0 -1 0 1
-1 1 -1 -1 1
-1 1 -1 1 1

Chamber 1887:
0 0 0 0 -1
-1 0 0 0 -1
-1 0 0 1 -1
-1 1 -1 1 -1
-1 -1 -1 1 -1

Chamber 1888:
0 0 0 0 -1
-1 0 0 0 -1
-1 0 0 -1 -1
-1 1 1 -1 -1
-1 -1 1 -1 -1

Chamber 1889:
0 0 0 0 1
-1 0 0 0 1
-1 0 0 1 1
-1 -1 -1 1 1
-1 1 -1 1 1

Chamber 1890:
0 0 0 0 1
-1 0 0 0 1
-1 0 0 -1 1
-1 -1 1 -1 1
-1 1 1 -1 1

Chamber 1891:
0 1 0 0 0
-1 1 0 0 0
-1 1 0 1 0
-1 1 1 1 1
-1 1 -1 1 1

Chamber 1892:
0 1 0 0 0
-1 1 0 0 0
-1 1 0 1 0
-1 1 -1 1 -1
-1 1 1 1 -1

Chamber 1893:
0 1 0 0 0
-1 1 0 0 0
-1 1 0 0 -1
-1 1 -1 1 -1
-1 1 -1 -1 -1

Chamber 1894:
0 1 0 0 0
-1 1 0 0 0
-1 1 0 0 1
-1 1 -1 -1 1
-1 1 -1 1 1

Chamber 1895:
0 1 0 0 0
-1 1 0 0 0
-1 1 0 -1 0
-1 1 1 -1 -1
-1 1 -1 -1 -1

Chamber 1896:
0 1 0 0 0
-1 1 0 0 0
-1 1 0 -1 0
-1 1 -1 -1 1
-1 1 1 -1 1

Chamber 1897:
0 1 0 0 0
-1 1 0 0 0
-1 1 0 0 1
-1 1 1 1 1
-1 1 1 -1 1

Chamber 1898:
0 1 0 0 0
-1 1 0 0 0
-1 1 0 0 -1
-1 1 1 -1 -1
-1 1 1 1 -1

Chamber 1899:
0 1 0 0 0
-1 1 0 0 0
-1 1 -1 0 0
-1 1 -1 -1 1
-1 1 -1 -1 -1

Chamber 1900:
0 0 1 0 0
-1 0 1 0 0
-1 0 1 0 -1
-1 1 1 -1 -1
-1 -1 1 -1 -1

Chamber 1901:
0 0 1 0 0
-1 0 1 0 0
-1 0 1 0 1
-1 -1 1 -1 1
-1 1 1 -1 1

Chamber 1902:
0 0 0 0 -1
-1 0 0 0 -1
-1 1 0 0 -1
-1 1 1 -1 -1
-1 1 -1 -1 -1

Chamber 1903:
0 0 0 0 1
-1 0 0 0 1
-1 1 0 0 1
-1 1 -1 -1 1
-1 1 1 -1 1

Chamber 1904:
0 0 1 0 0
-1 0 1 0 0
-1 1 1 0 0
-1 1 1 1 1
-1 1 1 -1 1

Chamber 1905:
0 0 1 0 0
-1 0 1 0 0
-1 1 1 0 0
-1 1 1 -1 -1
-1 1 1 1 -1

Chamber 1906:
0 0 1 0 0
-1 0 1 0 0
-1 0 1 1 0
-1 1 1 1 1
-1 1 1 1 -1

Chamber 1907:
0 0 -1 0 0
-1 0 -1 0 0
-1 0 -1 1 0
-1 -1 -1 1 1
-1 -1 -1 1 -1

Chamber 1908:
0 0 1 0 0
-1 0 1 0 0
-1 0 1 -1 0
-1 -1 1 -1 1
-1 -1 1 -1 -1

Chamber 1909:
0 0 -1 0 0
-1 0 -1 0 0
-1 0 -1 -1 0
-1 1 -1 -1 1
-1 1 -1 -1 -1

Chamber 1910:
0 0 0 -1 0
-1 0 0 -1 0
-1 1 0 -1 0
-1 1 -1 -1 1
-1 1 -1 -1 -1

Chamber 1911:
0 0 0 1 0
-1 0 0 1 0
-1 1 0 1 0
-1 1 1 1 1
-1 1 1 1 -1

Chamber 1912:
0 0 -1 0 0
-1 0 -1 0 0
-1 0 -1 0 1
-1 1 -1 -1 1
-1 -1 -1 -1 1

Chamber 1913:
0 0 -1 0 0
-1 0 -1 0 0
-1 0 -1 0 -1
-1 -1 -1 -1 -1
-1 1 -1 -1 -1

Chamber 1914:
0 0 0 0 1
-1 0 0 0 1
-1 -1 0 0 1
-1 -1 1 -1 1
-1 -1 -1 -1 1

Chamber 1915:
0 0 0 0 -1
-1 0 0 0 -1
-1 -1 0 0 -1
-1 -1 -1 -1 -1
-1 -1 1 -1 -1

Chamber 1916:
0 0 -1 0 0
-1 0 -1 0 0
-1 -1 -1 0 0
-1 -1 -1 1 1
-1 -1 -1 -1 1

Chamber 1917:
0 0 -1 0 0
-1 0 -1 0 0
-1 -1 -1 0 0
-1 -1 -1 -1 -1
-1 -1 -1 1 -1

Chamber 1918:
0 0 0 -1 0
-1 0 0 -1 0
-1 -1 0 -1 0
-1 -1 1 -1 1
-1 -1 1 -1 -1

Chamber 1919:
0 0 0 1 0
-1 0 0 1 0
-1 -1 0 1 0
-1 -1 -1 1 1
-1 -1 -1 1 -1

